segment_id,frame_id,host_ns,analysis_time_s,valid,corner_count,centroid_x_px,centroid_y_px,shift_x_px,shift_y_px,rotation_deg,residual_px,scale,r_rms_px,quality,mm_per_pixel,mean_brightness,blur_variance,drop_before
static-all-ana-d0-r01-hold-hold,31,2544859408844980,0.000000,1,88,240.4731,178.5547,0.0000,0.0000,-0.00000,0.0000,1.0000000,62.4745,1.0000,0.187563,131.904,435.792,0
static-all-ana-d0-r01-hold-hold,39,2544859469345620,0.060501,1,88,240.4278,179.5303,-0.0452,0.9757,-0.00874,0.0714,1.0001252,62.4824,0.9151,0.187563,131.905,395.560,0
static-all-ana-d0-r01-hold-hold,47,2544859529846260,0.121001,1,88,239.5291,180.4794,-0.9440,1.9248,-0.00302,0.0812,1.0001030,62.4810,0.9038,0.187563,131.901,471.742,0
static-all-ana-d0-r01-hold-hold,55,2544859590346900,0.181502,1,88,239.4566,179.4779,-1.0165,0.9232,-0.00541,0.0871,1.0001116,62.4815,0.8971,0.187563,131.901,474.198,0
static-all-ana-d0-r01-hold-hold,63,2544859650847540,0.242003,1,88,239.5830,179.5506,-0.8901,0.9960,0.02018,0.0959,1.0000487,62.4776,0.8870,0.187563,131.890,373.787,0
static-all-ana-d0-r01-hold-hold,71,2544859711348180,0.302503,1,88,240.4806,180.1571,0.0075,1.6024,0.11231,0.1171,1.0001156,62.4819,0.8641,0.187563,131.899,470.079,0
static-all-ana-d0-r01-hold-hold,79,2544859771848820,0.363004,1,88,239.5275,178.5614,-0.9456,0.0067,-0.00777,0.0713,1.0000455,62.4774,0.9148,0.187563,131.902,378.617,0
static-all-ana-d0-r01-hold-hold,87,2544859832349460,0.423504,1,88,239.5249,179.4651,-0.9481,0.9104,0.01233,0.0892,1.0000616,62.4784,0.8946,0.187563,131.901,431.194,0
static-all-ana-d0-r01-hold-hold,95,2544859892850100,0.484005,1,88,240.4781,179.5530,0.0051,0.9983,0.00706,0.0729,1.0001098,62.4814,0.9133,0.187563,131.905,473.790,0
static-all-ana-d0-r01-hold-hold,103,2544859953350740,0.544506,1,88,240.4712,179.1344,-0.0019,0.5797,-0.10512,0.1214,0.9999565,62.4719,0.8592,0.187563,131.911,398.151,0
static-all-ana-d0-r01-hold-hold,111,2544860013851380,0.605006,1,88,239.4844,179.4645,-0.9886,0.9099,-0.00242,0.0907,1.0001106,62.4815,0.8931,0.187563,131.893,528.850,0
static-all-ana-d0-r01-hold-hold,119,2544860074352020,0.665507,1,88,240.2241,180.4851,-0.2489,1.9304,0.01602,0.0914,1.0001391,62.4833,0.8925,0.187563,131.889,451.622,0
static-all-ana-d0-r01-hold-hold,127,2544860134852660,0.726008,1,88,239.7175,179.5285,-0.7555,0.9738,0.01302,0.1153,1.0001450,62.4837,0.8661,0.187563,131.896,405.517,0
static-all-ana-d0-r01-hold-hold,135,2544860195353300,0.786508,1,88,240.3596,180.4415,-0.1135,1.8869,0.05294,0.0849,1.0001269,62.4825,0.8997,0.187563,131.910,373.284,0
static-all-ana-d0-r01-hold-hold,143,2544860255853940,0.847009,1,88,240.4370,179.4832,-0.0361,0.9286,-0.00032,0.0737,1.0001451,62.4836,0.9126,0.187563,131.909,464.511,0
static-all-ana-d0-r01-hold-hold,151,2544860316354580,0.907510,1,88,240.4715,178.9727,-0.0016,0.4181,0.02045,0.0557,1.0000845,62.4798,0.9330,0.187563,131.910,407.307,0
static-all-ana-d0-r01-hold-hold,159,2544860376855220,0.968010,1,88,240.5160,179.5048,0.0429,0.9502,-0.00437,0.0699,1.0001243,62.4823,0.9169,0.187563,131.903,625.626,0
static-all-ana-d0-r01-hold-hold,167,2544860437355860,1.028511,1,88,240.4834,180.7140,0.0103,2.1593,-0.12030,0.1264,1.0001367,62.4832,0.8542,0.187563,131.906,474.114,0
static-all-ana-d0-r01-hold-hold,175,2544860497856500,1.089012,1,88,239.5393,179.5253,-0.9338,0.9706,0.00024,0.0897,1.0001188,62.4820,0.8943,0.187563,131.899,467.458,0
static-all-ana-d0-r01-hold-hold,183,2544860558357140,1.149512,1,88,239.5031,179.4411,-0.9700,0.8865,0.01461,0.0940,1.0000909,62.4803,0.8893,0.187563,131.903,500.867,0
static-all-ana-d0-r01-hold-hold,191,2544860618857780,1.210013,1,88,239.4729,178.5534,-1.0002,-0.0013,0.00541,0.0668,1.0000857,62.4799,0.9201,0.187563,131.911,434.573,0
static-all-ana-d0-r01-hold-hold,199,2544860679358420,1.270513,1,88,238.9892,178.5300,-1.4839,-0.0246,0.00087,0.0476,0.9999624,62.4722,0.9422,0.187563,131.895,382.832,0
static-all-ana-d0-r01-hold-hold,207,2544860739859060,1.331014,1,88,238.5294,179.5242,-1.9437,0.9695,0.00149,0.0792,1.0000727,62.4791,0.9059,0.187563,131.903,485.166,0
static-all-ana-d0-r01-hold-hold,215,2544860800359700,1.391515,1,88,239.4551,178.5301,-1.0180,-0.0246,0.00227,0.0696,1.0000848,62.4799,0.9170,0.187563,131.897,451.898,0
static-all-ana-d0-r01-hold-hold,223,2544860860860340,1.452015,1,88,240.4528,180.4743,-0.0202,1.9196,0.00153,0.0507,1.0001069,62.4812,0.9391,0.187563,131.905,458.327,0
static-all-ana-d0-r01-hold-hold,231,2544860921360980,1.512516,1,88,239.4866,179.4503,-0.9865,0.8957,-0.01231,0.0897,1.0000787,62.4795,0.8941,0.187563,131.901,501.441,0
static-all-ana-d0-r01-hold-hold,239,2544860981861620,1.573017,1,88,238.5362,179.5190,-1.9369,0.9643,0.00596,0.0799,1.0000382,62.4770,0.9050,0.187563,131.903,479.540,0
static-all-ana-d0-r01-hold-hold,247,2544861042362260,1.633517,1,88,240.4552,179.4800,-0.0179,0.9253,0.00583,0.0721,1.0000783,62.4795,0.9140,0.187563,131.901,466.407,0
static-all-ana-d0-r01-hold-hold,255,2544861102862900,1.694018,1,88,239.5176,179.5631,-0.9555,1.0084,-0.01331,0.0891,1.0001010,62.4809,0.8949,0.187563,131.905,441.361,0
static-all-ana-d0-r01-hold-hold,263,2544861163363540,1.754519,1,88,239.5328,179.5234,-0.9402,0.9688,0.00161,0.0896,1.0000929,62.4804,0.8943,0.187563,131.901,488.221,0
static-all-ana-d0-r01-hold-hold,271,2544861223864180,1.815019,1,88,239.5215,179.4700,-0.9516,0.9153,-0.00014,0.0930,1.0001225,62.4822,0.8906,0.187563,131.899,479.181,0
static-all-ana-d0-r01-hold-hold,279,2544861284364820,1.875520,1,88,239.4813,179.5381,-0.9918,0.9835,-0.00551,0.0927,1.0001334,62.4829,0.8910,0.187563,131.902,517.399,0
static-all-ana-d0-r01-hold-hold,287,2544861344865460,1.936021,1,88,239.5203,179.5276,-0.9528,0.9729,0.00197,0.0859,1.0001003,62.4808,0.8985,0.187563,131.904,533.031,0
static-all-ana-d0-r01-hold-hold,295,2544861405366100,1.996521,1,88,239.4779,178.5425,-0.9951,-0.0121,0.00212,0.0676,1.0000529,62.4779,0.9191,0.187563,131.899,483.853,0
static-all-ana-d0-r01-hold-hold,303,2544861465866740,2.057022,1,88,239.4764,179.4551,-0.9967,0.9004,0.00408,0.0893,1.0000924,62.4804,0.8945,0.187563,131.906,476.012,0
static-all-ana-d0-r01-hold-hold,311,2544861526367380,2.117522,1,88,239.9788,179.5223,-0.4943,0.9677,-0.01004,0.0768,1.0001091,62.4814,0.9088,0.187563,131.903,424.665,0
static-all-ana-d0-r01-hold-hold,319,2544861586868020,2.178023,1,88,239.5095,179.8727,-0.9636,1.3180,0.10491,0.1381,1.0001460,62.4838,0.8418,0.187563,131.905,427.977,0
static-all-ana-d0-r01-hold-hold,327,2544861647368660,2.238524,1,88,239.6013,178.5292,-0.8717,-0.0255,0.00031,0.0719,1.0001312,62.4828,0.9146,0.187563,131.902,395.357,0
static-all-ana-d0-r01-hold-hold,335,2544861707869300,2.299024,1,88,239.4704,178.5510,-1.0027,-0.0037,0.00319,0.0655,1.0000139,62.4754,0.9214,0.187563,131.914,452.520,0
static-all-ana-d0-r01-hold-hold,343,2544861768369940,2.359525,1,88,238.9871,179.5122,-1.4860,0.9576,0.00276,0.0750,1.0000975,62.4807,0.9108,0.187563,131.902,501.569,0
static-all-ana-d0-r01-hold-hold,351,2544861828870580,2.420026,1,88,239.6962,178.7582,-0.7769,0.2035,-0.17282,0.1066,1.0001560,62.4844,0.8757,0.187563,131.910,369.131,0
static-all-ana-d0-r01-hold-hold,359,2544861889371220,2.480526,1,88,239.4690,179.5539,-1.0041,0.9993,0.00768,0.0925,1.0001255,62.4824,0.8911,0.187563,131.899,407.506,0
static-all-ana-d0-r01-hold-hold,367,2544861949871860,2.541027,1,88,239.4665,179.4564,-1.0066,0.9017,0.00395,0.0914,1.0000853,62.4799,0.8922,0.187563,131.904,435.265,0
static-all-ana-d0-r01-hold-hold,375,2544862010372500,2.601528,1,88,239.5103,179.3735,-0.9628,0.8189,0.04521,0.1008,1.0000448,62.4774,0.8817,0.187563,131.900,451.675,0
static-all-ana-d0-r01-hold-hold,383,2544862070873140,2.662028,1,88,238.7109,179.5658,-1.7622,1.0112,-0.11047,0.1462,1.0000497,62.4778,0.8330,0.187563,131.910,375.079,0
static-all-ana-d0-r01-hold-hold,391,2544862131373780,2.722529,1,88,239.5170,180.4547,-0.9561,1.9000,0.00704,0.0764,1.0000822,62.4797,0.9091,0.187563,131.905,459.139,0
static-all-ana-d0-r01-hold-hold,399,2544862191874420,2.783030,1,88,239.1709,180.2858,-1.3022,1.7311,0.21891,0.1131,1.0000812,62.4797,0.8683,0.187563,131.909,370.788,0
static-all-ana-d0-r01-hold-hold,407,2544862252375060,2.843530,1,88,239.5135,180.0972,-0.9596,1.5425,-0.08822,0.1248,1.0000822,62.4798,0.8557,0.187563,131.907,408.790,0
static-all-ana-d0-r01-hold-hold,415,2544862312875700,2.904031,1,88,239.5286,179.4929,-0.9444,0.9382,-0.00172,0.0898,1.0001151,62.4818,0.8942,0.187563,131.908,548.333,0
static-all-ana-d0-r01-hold-hold,423,2544862373376340,2.964531,1,88,240.4605,179.5256,-0.0126,0.9710,0.00023,0.0692,1.0000973,62.4806,0.9175,0.187563,131.905,501.756,0
pretest-J1-a0p01-d+1-r01-move-to,1020,2544866888236600,0.000000,1,88,238.8501,180.4908,0.0000,0.0000,-0.00000,0.0000,1.0000000,62.4718,1.0000,0.187500,131.902,488.620,0
pretest-J1-a0p01-d+1-r01-move-to,1028,2544866948737240,0.060501,1,88,239.5149,180.1521,0.6648,-0.3387,0.19453,0.1268,1.0001287,62.4800,0.8537,0.187500,131.911,411.462,0
pretest-J1-a0p01-d+1-r01-move-to,1036,2544867009237880,0.121001,1,88,239.6425,180.3453,0.7925,-0.1455,-0.13407,0.1688,1.0001369,62.4806,0.8099,0.187500,131.903,377.793,0
pretest-J1-a0p01-d+1-r01-move-to,1044,2544867069738520,0.181502,1,88,239.4860,180.4448,0.6359,-0.0460,0.04821,0.1183,1.0001998,62.4844,0.8633,0.187500,131.889,511.763,0
pretest-J1-a0p01-d+1-r01-move-to,1052,2544867130239160,0.242003,1,88,239.5357,178.5357,0.6857,-1.9551,0.04367,0.1254,1.0001066,62.4786,0.8551,0.187500,131.902,402.704,0
pretest-J1-a0p01-d+1-r01-move-to,1060,2544867190739800,0.302503,1,88,239.5034,178.5533,0.6533,-1.9375,0.04493,0.1223,1.0000944,62.4778,0.8584,0.187500,131.901,490.384,0
pretest-J1-a0p01-d+1-r01-move-to,1068,2544867251240440,0.363004,1,88,239.5173,180.4595,0.6672,-0.0313,0.05141,0.1139,1.0001217,62.4795,0.8676,0.187500,131.904,452.261,0
pretest-J1-a0p01-d+1-r01-move-to,1076,2544867311741080,0.423504,1,88,240.4684,180.4596,1.6183,-0.0312,0.05021,0.1100,1.0001975,62.4842,0.8723,0.187500,131.904,440.186,0
pretest-J1-a0p01-d+1-r01-move-to,1084,2544867372241720,0.484005,1,88,238.5446,179.3476,-0.3054,-1.1432,-0.04238,0.1720,1.0001208,62.4796,0.8067,0.187500,131.902,374.255,0
pretest-J1-a0p01-d+1-r01-move-to,1092,2544867432742360,0.544506,1,88,240.4355,179.5182,1.5854,-0.9726,0.05413,0.1255,1.0001213,62.4795,0.8551,0.187500,131.911,474.147,0
pretest-J1-a0p01-d+1-r01-move-to,1100,2544867493243000,0.605006,1,88,239.4853,180.0008,0.6352,-0.4900,0.05159,0.1157,1.0001558,62.4816,0.8658,0.187500,131.910,482.567,0
pretest-J1-a0p01-d+1-r01-move-to,1108,2544867553743640,0.665507,1,88,239.5204,178.7787,0.6703,-1.7121,-0.02438,0.1709,1.0000784,62.4769,0.8077,0.187500,131.889,378.037,0
pretest-J1-a0p01-d+1-r01-move-to,1116,2544867614244280,0.726008,1,88,238.9553,179.5331,0.1052,-0.9577,0.04285,0.1187,1.0001918,62.4839,0.8628,0.187500,131.903,383.644,0
pretest-J1-a0p01-d+1-r01-move-to,1124,2544867674744920,0.786508,1,88,238.9933,179.4864,0.1432,-1.0044,0.06234,0.1221,1.0000658,62.4760,0.8585,0.187500,131.909,434.466,0
pretest-J1-a0p01-d+1-r01-move-to,1132,2544867735245560,0.847009,1,88,240.3419,179.5341,1.4919,-0.9567,0.00401,0.1119,1.0001087,62.4787,0.8697,0.187500,131.903,383.144,0
pretest-J1-a0p01-d+1-r01-move-to,1140,2544867795746200,0.907510,1,88,240.4434,179.4906,1.5933,-1.0002,0.04811,0.1242,1.0001606,62.4819,0.8566,0.187500,131.901,497.287,0
pretest-J1-a0p01-d+1-r01-move-to,1148,2544867856246840,0.968010,1,88,239.5145,179.5492,0.6644,-0.9416,0.05015,0.1303,1.0001490,62.4812,0.8501,0.187500,131.911,466.123,0
pretest-J1-a0p01-d+1-r01-move-to,1156,2544867916747480,1.028511,1,88,239.5359,179.5056,0.6858,-0.9852,0.05519,0.1320,1.0001809,62.4832,0.8484,0.187500,131.914,539.223,0
pretest-J1-a0p01-d+1-r01-move-to,1164,2544867977248120,1.089012,1,88,239.5022,179.4950,0.6521,-0.9958,0.03904,0.1305,1.0001536,62.4815,0.8499,0.187500,131.893,660.603,0
pretest-J1-a0p01-d+1-r01-move-to,1172,2544868037748760,1.149512,1,88,240.4655,178.9865,1.6154,-1.5043,0.04106,0.1197,1.0001726,62.4827,0.8615,0.187500,131.904,381.774,0
pretest-J1-a0p01-d+1-r01-move-to,1180,2544868098249400,1.210013,1,88,240.2696,178.5296,1.4195,-1.9612,0.10137,0.1786,1.0002603,62.4883,0.8006,0.187500,131.900,385.681,0
pretest-J1-a0p01-d+1-r01-move-to,1188,2544868158750040,1.270513,1,88,239.4911,180.4308,0.6410,-0.0600,0.02853,0.1268,1.0001610,62.4820,0.8539,0.187500,131.894,512.479,0
pretest-J1-a0p01-d+1-r01-move-to,1196,2544868219250680,1.331014,1,88,239.4729,179.5430,0.6228,-0.9478,0.04540,0.1305,1.0001405,62.4807,0.8498,0.187500,131.894,471.584,0
pretest-J1-a0p01-d+1-r01-move-to,1204,2544868279751320,1.391515,1,88,239.4681,180.0290,0.6180,-0.4618,0.04669,0.1198,1.0001803,62.4832,0.8615,0.187500,131.902,410.390,0
pretest-J1-a0p01-d+1-r01-move-to,1212,2544868340251960,1.452015,1,88,239.5262,179.4983,0.6761,-0.9925,0.05359,0.1282,1.0001348,62.4803,0.8523,0.187500,131.906,598.383,0
pretest-J1-a0p01-d+1-r02-move-to,1217,2544868378064860,0.000000,1,88,239.4605,179.5193,0.0000,0.0000,0.00000,0.0000,1.0000000,62.4787,1.0000,0.187446,131.906,529.591,0
pretest-J1-a0p01-d+1-r02-move-to,1225,2544868438565500,0.060501,1,88,240.4665,179.4934,1.0060,-0.0259,-0.00254,0.0720,1.0001052,62.4853,0.9143,0.187446,131.905,607.921,0
pretest-J1-a0p01-d+1-r02-move-to,1233,2544868499066140,0.121001,1,88,240.4088,179.5329,0.9482,0.0136,0.02164,0.0899,1.0000361,62.4810,0.8937,0.187446,131.910,381.825,0
pretest-J1-a0p01-d+1-r02-move-to,1241,2544868559566780,0.181502,1,88,239.4885,179.4652,0.0280,-0.0541,-0.00484,0.0324,1.0000661,62.4829,0.9606,0.187446,131.903,565.484,0
pretest-J1-a0p01-d+1-r02-move-to,1249,2544868620067420,0.242003,1,88,239.4731,179.4670,0.0126,-0.0523,-0.00631,0.0328,0.9999933,62.4783,0.9598,0.187446,131.908,489.488,0
pretest-J1-a0p01-d+1-r02-move-to,1257,2544868680568060,0.302503,1,88,240.4956,180.4470,1.0350,0.9277,-0.01818,0.0924,1.0000563,62.4823,0.8910,0.187446,131.898,514.043,0
pretest-J1-a0p01-d+1-r02-move-to,1265,2544868741068700,0.363004,1,88,239.5258,178.5066,0.0653,-1.0127,-0.01399,0.0687,0.9999732,62.4771,0.9177,0.187446,131.898,557.465,0
pretest-J1-a0p01-d+1-r02-move-to,1273,2544868801569340,0.423504,1,88,241.0614,179.5093,1.6009,-0.0100,0.03805,0.1026,0.9999771,62.4774,0.8797,0.187446,131.892,502.037,0
pretest-J1-a0p01-d+1-r02-move-to,1281,2544868862069980,0.484005,1,88,239.8035,178.5207,0.3429,-0.9986,0.06366,0.1416,0.9999436,62.4754,0.8378,0.187446,131.907,441.882,0
pretest-J1-a0p01-d+1-r02-move-to,1289,2544868922570620,0.544506,1,88,239.4542,179.5117,-0.0063,-0.0076,0.00349,0.0342,1.0000426,62.4814,0.9582,0.187446,131.899,548.863,0
pretest-J1-a0p01-d+1-r02-move-to,1297,2544868983071260,0.605006,1,88,239.5036,179.5275,0.0431,0.0082,0.00196,0.0325,1.0000424,62.4814,0.9603,0.187446,131.906,626.056,0
pretest-J1-a0p01-d+1-r02-move-to,1305,2544869043571900,0.665507,1,88,239.4840,180.1209,0.0235,0.6016,0.11176,0.1329,1.0000731,62.4834,0.8470,0.187446,131.898,474.245,0
pretest-J1-a0p01-d+1-r02-move-to,1313,2544869104072540,0.726008,1,88,239.4670,179.5172,0.0065,-0.0021,0.00118,0.0325,0.9999999,62.4787,0.9602,0.187446,131.898,567.243,0
pretest-J1-a0p01-d+1-r02-move-to,1321,2544869164573180,0.786508,1,88,239.5316,178.5426,0.0711,-0.9767,0.00062,0.0682,0.9999580,62.4761,0.9183,0.187446,131.897,407.693,0
pretest-J1-a0p01-d+1-r02-move-to,1329,2544869225073820,0.847009,1,88,239.5026,178.5239,0.0421,-0.9953,0.00161,0.0681,1.0000021,62.4789,0.9184,0.187446,131.899,639.937,0
pretest-J1-a0p01-d+1-r02-move-to,1337,2544869285574460,0.907510,1,88,240.1614,179.4889,0.7009,-0.0304,0.07374,0.1334,1.0000228,62.4803,0.8464,0.187446,131.899,453.303,0
pretest-J1-a0p01-d+1-r02-move-to,1345,2544869346075100,0.968010,1,88,240.2812,180.4971,0.8207,0.9778,0.08079,0.1505,0.9999744,62.4773,0.8286,0.187446,131.915,505.773,0
pretest-J1-a0p01-d+1-r02-move-to,1353,2544869406575740,1.028511,1,88,239.5293,180.4677,0.0687,0.9484,0.00004,0.0705,1.0000616,62.4826,0.9157,0.187446,131.908,442.859,0
pretest-J1-a0p01-d+1-r02-move-to,1361,2544869467076380,1.089012,1,88,239.4807,179.1170,0.0202,-0.4023,0.05669,0.0836,1.0000697,62.4831,0.9009,0.187446,131.894,448.001,0
pretest-J1-a0p01-d+1-r02-move-to,1369,2544869527577020,1.149512,1,88,239.5094,179.4710,0.0489,-0.0483,-0.00887,0.0310,1.0000392,62.4812,0.9621,0.187446,131.890,539.552,0
pretest-J1-a0p01-d+1-r02-move-to,1377,2544869588077660,1.210013,1,88,239.6601,180.4961,0.1996,0.9768,-0.03353,0.1139,1.0001609,62.4889,0.8678,0.187446,131.902,515.129,0
pretest-J1-a0p01-d+1-r02-move-to,1385,2544869648578300,1.270513,1,88,239.5183,179.0860,0.0578,-0.4333,0.08101,0.1050,1.0000384,62.4812,0.8771,0.187446,131.908,407.088,0
pretest-J1-a0p01-d+1-r02-move-to,1393,2544869709078940,1.331014,1,88,240.5201,179.2840,1.0596,-0.2353,0.07040,0.1106,0.9999112,62.4733,0.8711,0.187446,131.910,395.750,0
pretest-J1-a0p01-d+1-r02-move-to,1401,2544869769579580,1.391515,1,88,238.5098,179.5413,-0.9507,0.0220,-0.00072,0.0716,0.9999529,62.4758,0.9145,0.187446,131.909,509.941,0
pretest-J1-a0p01-d+1-r02-move-to,1409,2544869830080220,1.452015,1,88,238.5307,178.5300,-0.9299,-0.9893,-0.00969,0.0937,0.9998685,62.4706,0.8898,0.187446,131.909,439.412,0
pretest-J1-a0p01-d-1-r01-move-to,1414,2544869867893120,0.000000,1,88,239.5313,179.4914,0.0000,0.0000,0.00000,0.0000,1.0000000,62.4810,1.0000,0.187390,131.909,534.675,0
pretest-J1-a0p01-d-1-r01-move-to,1422,2544869928393760,0.060501,1,88,238.5419,180.4650,-0.9894,0.9736,0.00154,0.0914,0.9999048,62.4751,0.8923,0.187390,131.898,395.680,0
pretest-J1-a0p01-d-1-r01-move-to,1430,2544869988894400,0.121001,1,88,239.5196,179.2885,-0.0117,-0.2028,0.10985,0.1111,0.9999122,62.4756,0.8705,0.187390,131.908,397.164,0
pretest-J1-a0p01-d-1-r01-move-to,1438,2544870049395040,0.181502,1,88,239.3578,180.4861,-0.1734,0.9947,-0.03508,0.1073,0.9999485,62.4779,0.8746,0.187390,131.898,460.310,0
pretest-J1-a0p01-d-1-r01-move-to,1446,2544870109895680,0.242003,1,88,239.5131,179.5379,-0.0182,0.0465,0.00126,0.0305,1.0000067,62.4814,0.9626,0.187390,131.899,524.502,0
pretest-J1-a0p01-d-1-r01-move-to,1454,2544870170396320,0.302503,1,88,239.4432,179.4829,-0.0880,-0.0084,0.00380,0.0374,0.9999890,62.4803,0.9543,0.187390,131.900,467.527,0
pretest-J1-a0p01-d-1-r01-move-to,1462,2544870230896960,0.363004,1,88,238.9346,179.5139,-0.5967,0.0226,0.04683,0.1011,0.9999052,62.4752,0.8815,0.187390,131.901,477.970,0
pretest-J1-a0p01-d-1-r01-move-to,1470,2544870291397600,0.423504,1,88,238.9515,179.5048,-0.5797,0.0135,0.00658,0.0503,0.9999637,62.4788,0.9392,0.187390,131.910,513.302,0
pretest-J1-a0p01-d-1-r01-move-to,1478,2544870351898240,0.484005,1,88,239.4245,178.5233,-0.1068,-0.9681,-0.00539,0.0714,0.9999619,62.4787,0.9147,0.187390,131.899,413.846,0
pretest-J1-a0p01-d-1-r01-move-to,1486,2544870412398880,0.544506,1,88,239.7486,179.4763,0.2173,-0.0150,0.07238,0.1239,0.9999367,62.4772,0.8566,0.187390,131.900,385.013,0
pretest-J1-a0p01-d-1-r01-move-to,1494,2544870472899520,0.605006,1,88,238.5131,180.0502,-1.0182,0.5589,-0.05410,0.1034,0.9999675,62.4791,0.8787,0.187390,131.900,432.532,0
pretest-J1-a0p01-d-1-r01-move-to,1502,2544870533400160,0.665507,1,88,239.4690,179.7357,-0.0623,0.2443,0.11208,0.1138,0.9999711,62.4793,0.8674,0.187390,131.899,404.579,0
pretest-J1-a0p01-d-1-r01-move-to,1510,2544870593900800,0.726008,1,88,238.5309,179.4582,-1.0004,-0.0332,-0.00776,0.0690,0.9999048,62.4751,0.9177,0.187390,131.902,392.899,0
pretest-J1-a0p01-d-1-r01-move-to,1518,2544870654401440,0.786508,1,88,238.5452,179.5284,-0.9860,0.0371,-0.00585,0.0709,0.9998920,62.4743,0.9155,0.187390,131.901,425.632,0
pretest-J1-a0p01-d-1-r01-move-to,1526,2544870714902080,0.847009,1,88,238.4592,179.5359,-1.0721,0.0445,-0.00462,0.0708,0.9999164,62.4758,0.9155,0.187390,131.915,405.607,0
pretest-J1-a0p01-d-1-r01-move-to,1534,2544870775402720,0.907510,1,88,239.4960,179.4649,-0.0353,-0.0264,0.00720,0.0351,1.0000117,62.4817,0.9571,0.187390,131.904,551.999,0
pretest-J1-a0p01-d-1-r01-move-to,1542,2544870835903360,0.968010,1,88,239.5163,179.9815,-0.0150,0.4902,-0.00167,0.0486,1.0000014,62.4811,0.9411,0.187390,131.899,391.951,0
pretest-J1-a0p01-d-1-r01-move-to,1550,2544870896404000,1.028511,1,88,238.5321,179.4853,-0.9992,-0.0061,-0.00014,0.0674,0.9999028,62.4750,0.9196,0.187390,131.905,503.627,0
pretest-J1-a0p01-d-1-r01-move-to,1558,2544870956904640,1.089012,1,88,238.5394,180.4636,-0.9919,0.9723,-0.00177,0.0914,0.9999520,62.4781,0.8921,0.187390,131.897,397.890,0
pretest-J1-a0p01-d-1-r01-move-to,1566,2544871017405280,1.149512,1,88,238.4881,179.4923,-1.0432,0.0010,-0.00556,0.0702,0.9999452,62.4776,0.9161,0.187390,131.899,666.696,0
pretest-J1-a0p01-d-1-r01-move-to,1574,2544871077905920,1.210013,1,88,239.4900,180.0307,-0.0413,0.5394,-0.02174,0.0559,1.0000131,62.4818,0.9325,0.187390,131.902,506.490,0
pretest-J1-a0p01-d-1-r01-move-to,1582,2544871138406560,1.270513,1,88,239.5001,179.5358,-0.0312,0.0445,-0.00637,0.0361,1.0000203,62.4823,0.9559,0.187390,131.895,591.734,0
pretest-J1-a0p01-d-1-r01-move-to,1590,2544871198907200,1.331014,1,88,240.5136,179.0031,0.9823,-0.4883,0.00271,0.0731,0.9999523,62.4781,0.9128,0.187390,131.896,423.429,0
pretest-J1-a0p01-d-1-r01-move-to,1598,2544871259407840,1.391515,1,88,239.4677,179.5276,-0.0635,0.0362,-0.00230,0.0338,1.0000198,62.4823,0.9587,0.187390,131.904,485.762,0
pretest-J1-a0p01-d-1-r01-move-to,1606,2544871319908480,1.452015,1,88,239.2588,179.5218,-0.2725,0.0305,0.01312,0.0831,0.9999125,62.4756,0.9016,0.187390,131.904,436.189,0
pretest-J1-a0p01-d-1-r02-move-to,1611,2544871357721380,0.000000,1,88,239.5036,179.4912,0.0000,0.0000,0.00000,0.0000,1.0000000,62.4786,1.0000,0.187367,131.906,660.467,0
pretest-J1-a0p01-d-1-r02-move-to,1619,2544871418222020,0.060501,1,88,239.5205,179.5418,0.0169,0.0506,-0.00099,0.0342,0.9999740,62.4770,0.9582,0.187367,131.904,441.298,0
pretest-J1-a0p01-d-1-r02-move-to,1627,2544871478722660,0.121001,1,88,239.4815,179.5433,-0.0221,0.0522,0.00707,0.0354,1.0000160,62.4796,0.9568,0.187367,131.905,514.501,0
pretest-J1-a0p01-d-1-r02-move-to,1635,2544871539223300,0.181502,1,88,240.4424,178.4699,0.9388,-1.0213,0.00287,0.0937,1.0000106,62.4793,0.8895,0.187367,131.900,394.891,0
pretest-J1-a0p01-d-1-r02-move-to,1643,2544871599723940,0.242003,1,88,239.4482,179.4773,-0.0554,-0.0138,-0.00052,0.0373,1.0000196,62.4798,0.9545,0.187367,131.904,442.276,0
pretest-J1-a0p01-d-1-r02-move-to,1651,2544871660224580,0.302503,1,88,239.4684,179.5154,-0.0351,0.0243,-0.00730,0.0364,1.0000330,62.4807,0.9556,0.187367,131.899,582.700,0
pretest-J1-a0p01-d-1-r02-move-to,1659,2544871720725220,0.363004,1,88,240.2794,179.5401,0.7759,0.0490,-0.05132,0.1102,0.9999164,62.4735,0.8715,0.187367,131.894,376.496,0
pretest-J1-a0p01-d-1-r02-move-to,1667,2544871781225860,0.423504,1,88,238.5234,179.4244,-0.9802,-0.0668,0.03276,0.0849,1.0000135,62.4795,0.8993,0.187367,131.904,404.545,0
pretest-J1-a0p01-d-1-r02-move-to,1675,2544871841726500,0.484005,1,88,238.5322,179.5530,-0.9714,0.0618,-0.01408,0.0724,0.9999964,62.4784,0.9134,0.187367,131.908,386.890,0
pretest-J1-a0p01-d-1-r02-move-to,1683,2544871902227140,0.544506,1,88,239.4778,178.8332,-0.0258,-0.6580,-0.12559,0.1313,0.9999722,62.4770,0.8487,0.187367,131.900,458.333,0
pretest-J1-a0p01-d-1-r02-move-to,1691,2544871962727780,0.605006,1,88,239.4839,179.5380,-0.0197,0.0469,-0.00435,0.0330,1.0000396,62.4811,0.9597,0.187367,131.892,558.714,0
pretest-J1-a0p01-d-1-r02-move-to,1699,2544872023228420,0.665507,1,88,239.4375,178.5129,-0.0661,-0.9783,0.00260,0.0714,0.9999542,62.4758,0.9147,0.187367,131.888,501.224,0
pretest-J1-a0p01-d-1-r02-move-to,1707,2544872083729060,0.726008,1,88,238.4175,179.5121,-1.0861,0.0210,0.00998,0.0736,0.9999924,62.4782,0.9121,0.187367,131.893,484.143,0
pretest-J1-a0p01-d-1-r02-move-to,1715,2544872144229700,0.786508,1,88,239.4853,180.4532,-0.0182,0.9620,0.00916,0.0674,1.0000635,62.4826,0.9194,0.187367,131.895,500.826,0
pretest-J1-a0p01-d-1-r02-move-to,1723,2544872204730340,0.847009,1,88,239.4980,179.5406,-0.0056,0.0495,-0.00479,0.0339,1.0000418,62.4812,0.9586,0.187367,131.898,548.474,0
pretest-J1-a0p01-d-1-r02-move-to,1731,2544872265230980,0.907510,1,88,238.5361,178.4747,-0.9675,-1.0165,-0.00366,0.0955,0.9998772,62.4710,0.8878,0.187367,131.905,443.491,0
pretest-J1-a0p01-d-1-r02-move-to,1739,2544872325731620,0.968010,1,88,239.4707,179.6245,-0.0329,0.1334,0.05255,0.0768,1.0000978,62.4848,0.9087,0.187367,131.904,429.768,0
pretest-J1-a0p01-d-1-r02-move-to,1747,2544872386232260,1.028511,1,88,238.5095,179.6997,-0.9941,0.2086,-0.04526,0.1079,1.0000687,62.4830,0.8739,0.187367,131.901,479.301,0
pretest-J1-a0p01-d-1-r02-move-to,1755,2544872446732900,1.089012,1,88,239.4715,179.9663,-0.0320,0.4751,0.00886,0.0540,1.0000419,62.4812,0.9348,0.187367,131.899,411.402,0
pretest-J1-a0p01-d-1-r02-move-to,1763,2544872507233540,1.149512,1,88,239.5064,179.0137,0.0029,-0.4774,0.00711,0.0495,1.0000466,62.4815,0.9401,0.187367,131.896,476.326,0
pretest-J1-a0p01-d-1-r02-move-to,1771,2544872567734180,1.210013,1,88,239.4795,179.4626,-0.0241,-0.0286,-0.00018,0.0383,1.0000282,62.4804,0.9533,0.187367,131.909,510.076,0
pretest-J1-a0p01-d-1-r02-move-to,1779,2544872628234820,1.270513,1,88,239.4815,179.4696,-0.0221,-0.0216,-0.00197,0.0357,0.9999890,62.4779,0.9564,0.187367,131.917,549.987,0
pretest-J1-a0p01-d-1-r02-move-to,1787,2544872688735460,1.331014,1,88,239.4526,179.4835,-0.0510,-0.0077,-0.00178,0.0335,1.0000575,62.4822,0.9593,0.187367,131.886,477.388,0
pretest-J1-a0p01-d-1-r02-move-to,1795,2544872749236100,1.391515,1,88,239.4777,179.4550,-0.0259,-0.0362,0.00480,0.0406,1.0000434,62.4813,0.9506,0.187367,131.905,487.429,0
pretest-J1-a0p01-d-1-r02-move-to,1803,2544872809736740,1.452015,1,88,239.4428,179.4792,-0.0608,-0.0119,0.00829,0.0381,1.0000219,62.4800,0.9536,0.187367,131.898,425.369,0
pretest-J1-a0p05-d+1-r01-move-to,1808,2544872847549640,0.000000,1,88,240.4698,180.4120,0.0000,0.0000,0.00000,0.0000,1.0000000,62.4838,1.0000,0.187460,131.908,422.612,0
pretest-J1-a0p05-d+1-r01-move-to,1816,2544872908050280,0.060501,1,88,238.5393,179.4733,-1.9305,-0.9387,-0.01711,0.0862,0.9998651,62.4754,0.8983,0.187460,131.901,409.093,0
pretest-J1-a0p05-d+1-r01-move-to,1824,2544872968550920,0.121001,1,88,240.4530,179.4592,-0.0168,-0.9528,-0.03356,0.0752,0.9999530,62.4809,0.9104,0.187460,131.909,386.150,0
pretest-J1-a0p05-d+1-r01-move-to,1832,2544873029051560,0.181502,1,88,239.4905,179.5858,-0.9792,-0.8262,-0.02402,0.0998,0.9999137,62.4784,0.8829,0.187460,131.885,511.128,0
pretest-J1-a0p05-d+1-r01-move-to,1840,2544873089552200,0.242003,1,88,241.4541,179.5160,0.9843,-0.8960,-0.01686,0.0986,0.9998616,62.4752,0.8845,0.187460,131.889,521.734,0
pretest-J1-a0p05-d+1-r01-move-to,1848,2544873150052840,0.302503,1,88,241.5213,179.5021,1.0515,-0.9100,-0.02001,0.0995,0.9998727,62.4759,0.8834,0.187460,131.910,612.138,0
pretest-J1-a0p05-d+1-r01-move-to,1856,2544873210553480,0.363004,1,88,241.7323,178.5284,1.2625,-1.8836,-0.01178,0.1274,0.9996697,62.4632,0.8546,0.187460,131.899,389.755,0
pretest-J1-a0p05-d+1-r01-move-to,1864,2544873271054120,0.423504,1,88,241.5197,180.2737,1.0499,-0.1383,-0.08638,0.1181,0.9999246,62.4792,0.8629,0.187460,131.903,390.199,0
pretest-J1-a0p05-d+1-r01-move-to,1872,2544873331554760,0.484005,1,88,242.4563,179.5112,1.9866,-0.9008,-0.02627,0.0842,1.0000185,62.4850,0.9001,0.187460,131.899,532.956,0
pretest-J1-a0p05-d+1-r01-move-to,1880,2544873392055400,0.544506,1,88,242.4659,180.2694,1.9962,-0.1426,0.11069,0.1265,1.0000751,62.4886,0.8538,0.187460,131.900,391.687,0
pretest-J1-a0p05-d+1-r01-move-to,1888,2544873452556040,0.605006,1,88,240.5289,179.4826,0.0592,-0.9294,-0.02434,0.0775,0.9999996,62.4838,0.9076,0.187460,131.896,503.456,0
pretest-J1-a0p05-d+1-r01-move-to,1896,2544873513056680,0.665507,1,88,241.5022,180.0161,1.0325,-0.3959,-0.02519,0.0872,0.9999596,62.4813,0.8967,0.187460,131.898,494.665,0
pretest-J1-a0p05-d+1-r01-move-to,1904,2544873573557320,0.726008,1,88,241.4875,179.0100,1.0178,-1.4020,-0.00742,0.0850,0.9999107,62.4782,0.8994,0.187460,131.913,494.126,0
pretest-J1-a0p05-d+1-r01-move-to,1912,2544873634057960,0.786508,1,88,241.7292,178.5347,1.2595,-1.8773,0.01799,0.1303,0.9999149,62.4786,0.8498,0.187460,131.907,377.592,0
pretest-J1-a0p05-d+1-r01-move-to,1920,2544873694558600,0.847009,1,88,240.5133,179.5519,0.0435,-0.8601,-0.01376,0.0796,0.9999656,62.4817,0.9054,0.187460,131.897,455.768,0
pretest-J1-a0p05-d+1-r01-move-to,1928,2544873755059240,0.907510,1,88,242.5141,179.5294,2.0443,-0.8826,-0.02281,0.0881,1.0000578,62.4874,0.8958,0.187460,131.901,560.696,0
pretest-J1-a0p05-d+1-r01-move-to,1936,2544873815559880,0.968010,1,88,241.4772,179.5417,1.0075,-0.8703,-0.01838,0.1020,0.9998923,62.4771,0.8806,0.187460,131.899,485.430,0
pretest-J1-a0p05-d+1-r01-move-to,1944,2544873876060520,1.028511,1,88,242.4468,179.5257,1.9770,-0.8863,-0.01616,0.0878,1.0000457,62.4867,0.8961,0.187460,131.900,429.245,0
pretest-J1-a0p05-d+1-r01-move-to,1952,2544873936561160,1.089012,1,88,240.5260,179.4461,0.0562,-0.9659,-0.03191,0.0811,0.9999517,62.4808,0.9037,0.187460,131.897,394.096,0
pretest-J1-a0p05-d+1-r01-move-to,1960,2544873997061800,1.149512,1,88,241.5139,179.9992,1.0441,-0.4128,-0.01659,0.0824,0.9998819,62.4764,0.9025,0.187460,131.900,412.768,0
pretest-J1-a0p05-d+1-r01-move-to,1968,2544874057562440,1.210013,1,88,239.6328,178.9929,-0.8370,-1.4191,-0.06691,0.1170,0.9998357,62.4736,0.8644,0.187460,131.900,367.382,0
pretest-J1-a0p05-d+1-r01-move-to,1976,2544874118063080,1.270513,1,88,238.5198,180.4604,-1.9499,0.0484,-0.01549,0.0615,0.9999060,62.4779,0.9264,0.187460,131.907,465.080,0
pretest-J1-a0p05-d+1-r01-move-to,1984,2544874178563720,1.331014,1,88,239.5272,180.4740,-0.9426,0.0620,-0.01644,0.0819,0.9999676,62.4818,0.9027,0.187460,131.902,456.660,0
pretest-J1-a0p05-d+1-r01-move-to,1992,2544874239064360,1.391515,1,88,239.4731,179.0011,-0.9967,-1.4109,-0.01648,0.0882,0.9999221,62.4790,0.8957,0.187460,131.892,414.805,0
pretest-J1-a0p05-d+1-r01-move-to,2000,2544874299565000,1.452015,1,88,240.5220,180.0117,0.0522,-0.4003,-0.01260,0.0602,0.9999174,62.4786,0.9278,0.187460,131.889,390.630,0
pretest-J1-a0p05-d+1-r01-move-to,2008,2544874360065640,1.512516,1,88,239.9567,180.4741,-0.5131,0.0621,-0.04908,0.0788,0.9998883,62.4768,0.9066,0.187460,131.904,394.211,0
pretest-J1-a0p05-d+1-r01-move-to,2016,2544874420566280,1.573017,1,88,239.5078,181.4279,-0.9619,1.0159,-0.02235,0.1017,0.9998794,62.4763,0.8809,0.187460,131.893,434.146,0
pretest-J1-a0p05-d+1-r01-move-to,2024,2544874481066920,1.633517,1,88,240.4357,180.4717,-0.0341,0.0597,-0.00575,0.0580,0.9999511,62.4807,0.9302,0.187460,131.900,401.795,0
pretest-J1-a0p05-d+1-r01-move-to,2032,2544874541567560,1.694018,1,88,238.8145,179.4874,-1.6553,-0.9246,0.08287,0.1850,0.9999307,62.4797,0.7936,0.187460,131.900,468.972,0
pretest-J1-a0p05-d+1-r01-move-to,2040,2544874602068200,1.754519,1,88,239.3460,179.4957,-1.1237,-0.9163,-0.06282,0.1232,1.0000256,62.4855,0.8573,0.187460,131.905,502.996,0
pretest-J1-a0p05-d+1-r01-move-to,2048,2544874662568840,1.815019,1,88,238.5189,179.4383,-1.9509,-0.9737,-0.03190,0.0890,0.9999211,62.4789,0.8949,0.187460,131.907,418.861,0
pretest-J1-a0p05-d+1-r01-move-to,2056,2544874723069480,1.875520,1,88,239.5356,179.5207,-0.9342,-0.8913,-0.01636,0.1026,0.9999343,62.4797,0.8797,0.187460,131.901,478.294,0
pretest-J1-a0p05-d+1-r02-move-to,2061,2544874760882380,0.000000,1,88,239.3532,179.5423,0.0000,0.0000,-0.00000,0.0000,1.0000000,62.4885,1.0000,0.187336,131.893,375.059,0
pretest-J1-a0p05-d+1-r02-move-to,2069,2544874821383020,0.060501,1,88,239.4661,179.5376,0.1129,-0.0047,0.04877,0.0879,0.9998307,62.4780,0.8967,0.187336,131.900,447.515,0
pretest-J1-a0p05-d+1-r02-move-to,2077,2544874881883660,0.121001,1,88,239.5173,179.4882,0.1641,-0.0541,0.05928,0.0851,0.9999065,62.4827,0.8994,0.187336,131.898,594.251,0
pretest-J1-a0p05-d+1-r02-move-to,2085,2544874942384300,0.181502,1,88,238.9855,179.4857,-0.3676,-0.0566,0.02914,0.0859,0.9998026,62.4762,0.8992,0.187336,131.896,446.361,0
pretest-J1-a0p05-d+1-r02-move-to,2093,2544875002884940,0.242003,1,88,241.5261,179.5200,2.1729,-0.0223,0.05052,0.0922,0.9998178,62.4772,0.8919,0.187336,131.901,534.847,0
pretest-J1-a0p05-d+1-r02-move-to,2101,2544875063385580,0.302503,1,88,241.4984,178.5527,2.1452,-0.9896,0.05294,0.1071,0.9997913,62.4756,0.8756,0.187336,131.911,523.677,0
pretest-J1-a0p05-d+1-r02-move-to,2109,2544875123886220,0.363004,1,88,240.9787,179.4954,1.6255,-0.0469,0.03830,0.0909,0.9998453,62.4789,0.8932,0.187336,131.900,484.897,0
pretest-J1-a0p05-d+1-r02-move-to,2117,2544875184386860,0.423504,1,88,241.4501,179.5138,2.0969,-0.0285,0.05580,0.0940,0.9998059,62.4765,0.8901,0.187336,131.898,519.815,0
pretest-J1-a0p05-d+1-r02-move-to,2125,2544875244887500,0.484005,1,88,241.5088,179.4615,2.1556,-0.0808,0.05270,0.0899,0.9998281,62.4778,0.8944,0.187336,131.899,543.541,0
pretest-J1-a0p05-d+1-r02-move-to,2133,2544875305388140,0.544506,1,88,241.7233,179.5161,2.3701,-0.0262,0.14372,0.2192,0.9999178,62.4838,0.7604,0.187336,131.904,472.988,0
pretest-J1-a0p05-d+1-r02-move-to,2141,2544875365888780,0.605006,1,88,241.5156,179.5369,2.1624,-0.0054,0.05379,0.0916,0.9997969,62.4759,0.8928,0.187336,131.889,491.533,0
pretest-J1-a0p05-d+1-r02-move-to,2149,2544875426389420,0.665507,1,88,241.4889,178.6398,2.1358,-0.9025,0.13616,0.1208,0.9996650,62.4677,0.8618,0.187336,131.906,507.651,0
pretest-J1-a0p05-d+1-r02-move-to,2157,2544875486890060,0.726008,1,88,241.4694,179.5484,2.1162,0.0061,0.04988,0.0891,0.9998531,62.4794,0.8952,0.187336,131.898,428.060,0
pretest-J1-a0p05-d+1-r02-move-to,2165,2544875547390700,0.786508,1,88,242.4623,179.5173,3.1092,-0.0250,0.04949,0.0955,0.9999123,62.4831,0.8877,0.187336,131.905,537.586,0
pretest-J1-a0p05-d+1-r02-move-to,2173,2544875607891340,0.847009,1,88,240.5102,179.2970,1.1570,-0.2453,0.16559,0.1217,0.9998087,62.4767,0.8595,0.187336,131.903,456.675,0
pretest-J1-a0p05-d+1-r02-move-to,2181,2544875668391980,0.907510,1,88,242.4739,180.4383,3.1207,0.8960,0.04055,0.1196,0.9999151,62.4833,0.8613,0.187336,131.891,434.629,0
pretest-J1-a0p05-d+1-r02-move-to,2189,2544875728892620,0.968010,1,88,242.4297,179.4684,3.0765,-0.0739,0.07064,0.1081,0.9999219,62.4837,0.8738,0.187336,131.898,382.438,0
pretest-J1-a0p05-d+1-r02-move-to,2197,2544875789393260,1.028511,1,88,241.4247,180.4828,2.0715,0.9405,0.05717,0.1172,0.9998575,62.4797,0.8641,0.187336,131.907,429.432,0
pretest-J1-a0p05-d+1-r02-move-to,2205,2544875849893900,1.089012,1,88,241.4923,179.4749,2.1391,-0.0674,0.05058,0.0915,0.9998045,62.4764,0.8928,0.187336,131.901,625.451,0
pretest-J1-a0p05-d+1-r02-move-to,2213,2544875910394540,1.149512,1,88,240.6110,179.5598,1.2578,0.0175,0.00686,0.1088,0.9998755,62.4808,0.8731,0.187336,131.900,373.757,0
pretest-J1-a0p05-d+1-r02-move-to,2221,2544875970895180,1.210013,1,88,240.4827,180.4617,1.1295,0.9194,0.04730,0.1255,0.9999036,62.4826,0.8549,0.187336,131.905,511.978,0
pretest-J1-a0p05-d+1-r02-move-to,2229,2544876031395820,1.270513,1,88,238.5806,180.4634,-0.7726,0.9211,0.03611,0.1226,0.9997854,62.4752,0.8587,0.187336,131.897,376.808,0
pretest-J1-a0p05-d+1-r02-move-to,2237,2544876091896460,1.331014,1,88,239.4411,179.4788,0.0879,-0.0635,0.05302,0.0882,0.9998454,62.4789,0.8962,0.187336,131.908,435.425,0
pretest-J1-a0p05-d+1-r02-move-to,2245,2544876152397100,1.391515,1,88,239.4659,179.5158,0.1127,-0.0265,0.04994,0.0884,0.9998765,62.4809,0.8957,0.187336,131.904,593.861,0
pretest-J1-a0p05-d+1-r02-move-to,2253,2544876212897740,1.452015,1,88,238.5309,179.4923,-0.8223,-0.0500,0.05009,0.1025,0.9998270,62.4778,0.8804,0.187336,131.904,564.057,0
pretest-J1-a0p05-d+1-r02-move-to,2261,2544876273398380,1.512516,1,88,240.4484,179.4799,1.0952,-0.0624,0.05217,0.1088,0.9998714,62.4806,0.8732,0.187336,131.902,430.563,0
pretest-J1-a0p05-d+1-r02-move-to,2269,2544876333899020,1.573017,1,88,239.9895,179.8789,0.6363,0.3366,0.11625,0.0999,0.9999936,62.4882,0.8826,0.187336,131.901,365.664,0
pretest-J1-a0p05-d+1-r02-move-to,2277,2544876394399660,1.633517,1,88,239.5297,179.5134,0.1766,-0.0289,0.05482,0.0878,0.9998904,62.4817,0.8964,0.187336,131.899,544.064,0
pretest-J1-a0p05-d+1-r02-move-to,2285,2544876454900300,1.694018,1,88,238.5643,179.4884,-0.7889,-0.0539,0.06024,0.1167,0.9997622,62.4738,0.8653,0.187336,131.905,473.931,0
pretest-J1-a0p05-d+1-r02-move-to,2293,2544876515400940,1.754519,1,88,239.4917,179.5530,0.1385,0.0107,0.04641,0.0901,0.9998493,62.4792,0.8940,0.187336,131.893,517.036,0
pretest-J1-a0p05-d+1-r02-move-to,2301,2544876575901580,1.815019,1,88,240.4707,179.9447,1.1176,0.4024,-0.00052,0.1453,0.9999154,62.4834,0.8340,0.187336,131.893,396.197,0
pretest-J1-a0p05-d+1-r02-move-to,2309,2544876636402220,1.875520,1,88,239.4882,178.6260,0.1350,-0.9163,0.10144,0.1118,0.9998111,62.4768,0.8702,0.187336,131.903,511.088,0
pretest-J1-a0p05-d-1-r01-move-to,2314,2544876674215120,0.000000,1,88,240.1706,178.5162,0.0000,0.0000,-0.00000,0.0000,1.0000000,62.4787,1.0000,0.187496,131.898,464.807,0
pretest-J1-a0p05-d-1-r01-move-to,2322,2544876734715760,0.060501,1,88,238.9943,179.5098,-1.1763,0.9937,0.03300,0.1142,1.0000192,62.4801,0.8670,0.187496,131.890,497.758,0
pretest-J1-a0p05-d-1-r01-move-to,2330,2544876795216400,0.121001,1,88,239.4742,179.4460,-0.6964,0.9298,0.04510,0.1260,1.0000312,62.4808,0.8542,0.187496,131.901,441.344,0
pretest-J1-a0p05-d-1-r01-move-to,2338,2544876855717040,0.181502,1,88,238.5327,179.5415,-1.6379,1.0254,0.03993,0.1217,0.9999625,62.4765,0.8589,0.187496,131.909,404.224,0
pretest-J1-a0p05-d-1-r01-move-to,2346,2544876916217680,0.242003,1,88,237.9908,179.5247,-2.1798,1.0085,0.04846,0.1155,1.0000777,62.4837,0.8656,0.187496,131.897,408.834,0
pretest-J1-a0p05-d-1-r01-move-to,2354,2544876976718320,0.302503,1,88,238.5151,180.1257,-1.6555,1.6095,0.04657,0.1322,1.0000213,62.4802,0.8477,0.187496,131.907,425.096,0
pretest-J1-a0p05-d-1-r01-move-to,2362,2544877037218960,0.363004,1,88,237.5110,180.5243,-2.6596,2.0081,0.05229,0.1113,1.0001049,62.4854,0.8703,0.187496,131.903,594.394,0
pretest-J1-a0p05-d-1-r01-move-to,2370,2544877097719600,0.423504,1,88,237.5092,179.4638,-2.6613,0.9476,0.04207,0.1227,1.0000795,62.4838,0.8579,0.187496,131.899,523.311,0
pretest-J1-a0p05-d-1-r01-move-to,2378,2544877158220240,0.484005,1,88,237.4863,178.4737,-2.6843,-0.0425,0.03978,0.1048,1.0000847,62.4841,0.8774,0.187496,131.899,608.236,0
pretest-J1-a0p05-d-1-r01-move-to,2386,2544877218720880,0.544506,1,88,237.4727,179.4894,-2.6979,0.9732,0.04254,0.1237,1.0001286,62.4869,0.8570,0.187496,131.897,630.227,0
pretest-J1-a0p05-d-1-r01-move-to,2394,2544877279221520,0.605006,1,88,237.5086,178.5808,-2.6620,0.0646,0.02916,0.1174,0.9999910,62.4783,0.8635,0.187496,131.896,502.385,0
pretest-J1-a0p05-d-1-r01-move-to,2402,2544877339722160,0.665507,1,88,236.8932,180.4832,-3.2774,1.9671,-0.00985,0.1184,1.0000056,62.4792,0.8624,0.187496,131.902,426.909,0
pretest-J1-a0p05-d-1-r01-move-to,2410,2544877400222800,0.726008,1,88,238.5004,179.5403,-1.6702,1.0241,0.04339,0.1201,0.9999784,62.4775,0.8606,0.187496,131.899,545.009,0
pretest-J1-a0p05-d-1-r01-move-to,2418,2544877460723440,0.786508,1,88,237.4359,179.4723,-2.7347,0.9561,0.04601,0.1215,1.0000312,62.4808,0.8591,0.187496,131.897,388.582,0
pretest-J1-a0p05-d-1-r01-move-to,2426,2544877521224080,0.847009,1,88,237.3241,179.5060,-2.8464,0.9899,0.07854,0.1653,1.0000266,62.4806,0.8133,0.187496,131.908,512.105,0
pretest-J1-a0p05-d-1-r01-move-to,2434,2544877581724720,0.907510,1,88,238.4472,179.5268,-1.7234,1.0106,0.04814,0.1217,0.9999703,62.4770,0.8589,0.187496,131.901,435.724,0
pretest-J1-a0p05-d-1-r01-move-to,2442,2544877642225360,0.968010,1,88,237.5139,179.5187,-2.6567,1.0026,0.03104,0.1212,1.0001061,62.4855,0.8596,0.187496,131.894,619.986,0
pretest-J1-a0p05-d-1-r01-move-to,2450,2544877702726000,1.028511,1,88,236.4971,179.5724,-3.6735,1.0562,0.01670,0.1412,0.9999174,62.4737,0.8383,0.187496,131.898,512.240,0
pretest-J1-a0p05-d-1-r01-move-to,2458,2544877763226640,1.089012,1,88,237.4697,180.4560,-2.7009,1.9398,0.04085,0.1119,1.0001000,62.4851,0.8697,0.187496,131.913,436.808,0
pretest-J1-a0p05-d-1-r01-move-to,2466,2544877823727280,1.149512,1,88,236.5237,179.5519,-3.6469,1.0358,0.04252,0.1262,0.9999046,62.4729,0.8542,0.187496,131.896,397.210,0
pretest-J1-a0p05-d-1-r01-move-to,2474,2544877884227920,1.210013,1,88,239.1188,179.4985,-1.0518,0.9823,0.04637,0.1354,1.0000623,62.4828,0.8443,0.187496,131.901,510.652,0
pretest-J1-a0p05-d-1-r01-move-to,2482,2544877944728560,1.270513,1,88,239.4753,179.5388,-0.6953,1.0226,0.04475,0.1238,1.0000043,62.4791,0.8566,0.187496,131.909,486.111,0
pretest-J1-a0p05-d-1-r01-move-to,2490,2544878005229200,1.331014,1,88,239.5259,178.5317,-0.6447,0.0155,0.03569,0.1149,0.9999684,62.4769,0.8662,0.187496,131.901,455.733,0
pretest-J1-a0p05-d-1-r01-move-to,2498,2544878065729840,1.391515,1,88,238.5216,178.5430,-1.6490,0.0269,0.04144,0.1076,0.9999043,62.4729,0.8743,0.187496,131.899,432.230,0
pretest-J1-a0p05-d-1-r01-move-to,2506,2544878126230480,1.452015,1,88,239.5141,179.4700,-0.6565,0.9538,0.04207,0.1236,1.0000453,62.4817,0.8569,0.187496,131.909,497.241,0
pretest-J1-a0p05-d-1-r01-move-to,2514,2544878186731120,1.512516,1,88,239.3433,179.6001,-0.8273,1.0839,0.18342,0.2021,1.0000233,62.4805,0.7768,0.187496,131.905,382.350,0
pretest-J1-a0p05-d-1-r01-move-to,2522,2544878247231760,1.573017,1,88,239.4776,178.5380,-0.6930,0.0218,0.04633,0.1139,0.9999751,62.4773,0.8673,0.187496,131.901,502.500,0
pretest-J1-a0p05-d-1-r01-move-to,2530,2544878307732400,1.633517,1,88,239.4912,179.5443,-0.6794,1.0282,0.04790,0.1294,1.0000432,62.4816,0.8507,0.187496,131.900,538.848,0
pretest-J1-a0p05-d-1-r01-move-to,2538,2544878368233040,1.694018,1,88,239.5281,179.4845,-0.6425,0.9683,0.04258,0.1313,1.0000454,62.4817,0.8487,0.187496,131.912,497.605,0
pretest-J1-a0p05-d-1-r01-move-to,2546,2544878428733680,1.754519,1,88,240.5097,179.5364,0.3391,1.0203,0.04883,0.1155,1.0000447,62.4816,0.8656,0.187496,131.899,534.594,0
pretest-J1-a0p05-d-1-r01-move-to,2554,2544878489234320,1.815019,1,88,238.5385,179.4672,-1.6321,0.9510,0.04903,0.1228,0.9999767,62.4774,0.8577,0.187496,131.910,420.676,0
pretest-J1-a0p05-d-1-r01-move-to,2562,2544878549734960,1.875520,1,88,240.5033,179.4630,0.3327,0.9469,0.04997,0.1176,1.0000423,62.4815,0.8633,0.187496,131.911,553.154,0
pretest-J1-a0p05-d-1-r02-move-to,2567,2544878587547860,0.000000,1,88,238.5440,179.4962,0.0000,0.0000,-0.00000,0.0000,1.0000000,62.4770,1.0000,0.187405,131.912,515.287,0
pretest-J1-a0p05-d-1-r02-move-to,2575,2544878648048500,0.060501,1,88,239.4699,180.4842,0.9259,0.9880,-0.00084,0.0946,1.0000984,62.4832,0.8887,0.187405,131.894,573.802,0
pretest-J1-a0p05-d-1-r02-move-to,2583,2544878708549140,0.121001,1,88,238.4874,179.5443,-0.0566,0.0481,0.00761,0.0373,0.9999789,62.4757,0.9545,0.187405,131.904,518.880,0
pretest-J1-a0p05-d-1-r02-move-to,2591,2544878769049780,0.181502,1,88,238.4739,179.0008,-0.0701,-0.4953,-0.00951,0.0489,1.0000094,62.4776,0.9407,0.187405,131.896,424.635,0
pretest-J1-a0p05-d-1-r02-move-to,2599,2544878829550420,0.242003,1,88,237.5008,179.5536,-1.0432,0.0574,-0.00493,0.0737,1.0001401,62.4858,0.9125,0.187405,131.901,515.288,0
pretest-J1-a0p05-d-1-r02-move-to,2607,2544878890051060,0.302503,1,88,238.5321,179.4999,-0.0119,0.0037,0.00289,0.0364,0.9999607,62.4746,0.9556,0.187405,131.897,582.579,0
pretest-J1-a0p05-d-1-r02-move-to,2615,2544878950551700,0.363004,1,88,237.9599,179.0526,-0.5841,-0.4436,-0.00683,0.0669,1.0000017,62.4772,0.9197,0.187405,131.903,365.977,0
pretest-J1-a0p05-d-1-r02-move-to,2623,2544879011052340,0.423504,1,88,237.4447,179.4780,-1.0993,-0.0182,0.00474,0.0720,1.0000872,62.4825,0.9141,0.187405,131.900,426.487,0
pretest-J1-a0p05-d-1-r02-move-to,2631,2544879071552980,0.484005,1,88,237.1728,180.3380,-1.3712,0.8418,-0.17507,0.1258,0.9999591,62.4746,0.8545,0.187405,131.911,369.663,0
pretest-J1-a0p05-d-1-r02-move-to,2639,2544879132053620,0.544506,1,88,236.4876,178.8885,-2.0564,-0.6077,0.07817,0.0979,0.9998853,62.4699,0.8852,0.187405,131.888,496.213,0
pretest-J1-a0p05-d-1-r02-move-to,2647,2544879192554260,0.605006,1,88,236.6679,179.4938,-1.8761,-0.0024,0.05749,0.1102,0.9998919,62.4704,0.8715,0.187405,131.897,488.106,0
pretest-J1-a0p05-d-1-r02-move-to,2655,2544879253054900,0.665507,1,88,237.5362,180.2902,-1.0078,0.7940,0.12301,0.1376,1.0001346,62.4856,0.8423,0.187405,131.900,374.967,0
pretest-J1-a0p05-d-1-r02-move-to,2663,2544879313555540,0.726008,1,88,238.5373,179.4810,-0.0067,-0.0152,0.01108,0.0332,0.9999785,62.4757,0.9594,0.187405,131.904,472.833,0
pretest-J1-a0p05-d-1-r02-move-to,2671,2544879374056180,0.786508,1,88,237.4799,179.5550,-1.0640,0.0588,0.00058,0.0723,1.0001481,62.4863,0.9142,0.187405,131.898,479.542,0
pretest-J1-a0p05-d-1-r02-move-to,2679,2544879434556820,0.847009,1,88,236.5112,179.4699,-2.0328,-0.0262,0.00784,0.0518,0.9999616,62.4746,0.9373,0.187405,131.902,548.661,0
pretest-J1-a0p05-d-1-r02-move-to,2687,2544879495057460,0.907510,1,88,238.4657,179.5491,-0.0783,0.0529,0.00009,0.0426,1.0000281,62.4788,0.9482,0.187405,131.907,402.054,0
pretest-J1-a0p05-d-1-r02-move-to,2695,2544879555558100,0.968010,1,88,237.5112,179.4232,-1.0328,-0.0729,-0.03431,0.0978,1.0001195,62.4846,0.8852,0.187405,131.905,495.496,0
pretest-J1-a0p05-d-1-r02-move-to,2703,2544879616058740,1.028511,1,88,238.0442,179.4889,-0.4998,-0.0073,0.03259,0.0747,1.0000711,62.4815,0.9110,0.187405,131.901,482.198,0
pretest-J1-a0p05-d-1-r02-move-to,2711,2544879676559380,1.089012,1,88,237.5314,179.4779,-1.0126,-0.0183,0.01424,0.0721,1.0001661,62.4874,0.9147,0.187405,131.894,455.892,0
pretest-J1-a0p05-d-1-r02-move-to,2719,2544879737060020,1.149512,1,88,237.5115,178.7939,-1.0325,-0.7023,0.03035,0.1116,0.9999726,62.4754,0.8698,0.187405,131.895,440.725,0
pretest-J1-a0p05-d-1-r02-move-to,2727,2544879797560660,1.210013,1,88,240.3976,179.6125,1.8536,0.1163,-0.08280,0.0914,0.9999257,62.4724,0.8922,0.187405,131.907,372.479,0
pretest-J1-a0p05-d-1-r02-move-to,2735,2544879858061300,1.270513,1,88,238.5334,179.5216,-0.0106,0.0254,0.00881,0.0383,0.9999523,62.4741,0.9534,0.187405,131.906,485.620,0
pretest-J1-a0p05-d-1-r02-move-to,2743,2544879918561940,1.331014,1,88,239.5237,179.5349,0.9797,0.0387,0.01045,0.0758,1.0000586,62.4807,0.9097,0.187405,131.892,460.795,0
pretest-J1-a0p05-d-1-r02-move-to,2751,2544879979062580,1.391515,1,88,239.0855,179.4757,0.5416,-0.0204,0.05464,0.1065,1.0000437,62.4798,0.8753,0.187405,131.906,389.492,0
pretest-J1-a0p05-d-1-r02-move-to,2759,2544880039563220,1.452015,1,88,240.4369,179.4890,1.8929,-0.0072,0.00908,0.0515,1.0000784,62.4819,0.9380,0.187405,131.907,483.708,0
pretest-J1-a0p05-d-1-r02-move-to,2767,2544880100063860,1.512516,1,88,238.5217,178.5505,-0.0223,-0.9457,0.00864,0.0729,0.9999715,62.4753,0.9129,0.187405,131.912,413.121,0
pretest-J1-a0p05-d-1-r02-move-to,2775,2544880160564500,1.573017,1,88,238.5408,179.4738,-0.0032,-0.0224,0.00682,0.0362,0.9999909,62.4765,0.9558,0.187405,131.910,430.955,0
pretest-J1-a0p05-d-1-r02-move-to,2783,2544880221065140,1.633517,1,88,238.5393,179.4720,-0.0047,-0.0242,0.00602,0.0376,0.9999832,62.4760,0.9541,0.187405,131.902,406.442,0
pretest-J1-a0p05-d-1-r02-move-to,2791,2544880281565780,1.694018,1,88,239.4710,179.4619,0.9271,-0.0342,0.00937,0.0773,1.0001002,62.4833,0.9082,0.187405,131.897,462.487,0
pretest-J1-a0p05-d-1-r02-move-to,2799,2544880342066420,1.754519,1,88,239.5291,178.4932,0.9851,-1.0030,0.01344,0.0929,0.9999820,62.4760,0.8904,0.187405,131.915,537.956,0
pretest-J1-a0p05-d-1-r02-move-to,2807,2544880402567060,1.815019,1,88,239.4656,179.5274,0.9216,0.0312,-0.00013,0.0711,1.0000775,62.4819,0.9152,0.187405,131.897,513.761,0
pretest-J1-a0p05-d-1-r02-move-to,2815,2544880463067700,1.875520,1,88,239.3989,179.5123,0.8550,0.0161,0.01296,0.0774,1.0000156,62.4780,0.9077,0.187405,131.903,484.493,0
pretest-J1-a0p2-d+1-r01-move-to,2820,2544880500880600,0.000000,1,88,240.4735,179.4629,0.0000,0.0000,-0.00000,0.0000,1.0000000,62.4811,1.0000,0.187308,131.906,470.580,0
pretest-J1-a0p2-d+1-r01-move-to,2828,2544880561381240,0.060501,1,88,239.5088,178.5361,-0.9647,-0.9267,-0.00083,0.0929,0.9999506,62.4781,0.8904,0.187308,131.902,554.024,0
pretest-J1-a0p2-d+1-r01-move-to,2836,2544880621881880,0.121001,1,88,239.9051,179.9942,-0.5684,0.5313,-0.07352,0.0993,1.0000198,62.4824,0.8833,0.187308,131.887,366.166,0
pretest-J1-a0p2-d+1-r01-move-to,2844,2544880682382520,0.181502,1,88,239.5275,179.5189,-0.9460,0.0561,-0.01043,0.0714,1.0000174,62.4822,0.9146,0.187308,131.906,549.882,0
pretest-J1-a0p2-d+1-r01-move-to,2852,2544880742883160,0.242003,1,88,247.0225,179.5571,6.5490,0.0943,-0.00368,0.0632,0.9999550,62.4783,0.9241,0.187308,131.908,368.573,0
pretest-J1-a0p2-d+1-r01-move-to,2860,2544880803383800,0.302503,1,88,247.0083,179.4662,6.5348,0.0033,0.00749,0.0566,1.0000743,62.4858,0.9319,0.187308,131.911,372.307,0
pretest-J1-a0p2-d+1-r01-move-to,2868,2544880863884440,0.363004,1,88,247.4660,180.3843,6.9925,0.9214,-0.05716,0.0957,1.0000680,62.4854,0.8874,0.187308,131.907,392.308,0
pretest-J1-a0p2-d+1-r01-move-to,2876,2544880924385080,0.423504,1,88,246.5272,179.5364,6.0537,0.0735,-0.00303,0.0778,0.9999634,62.4789,0.9074,0.187308,131.904,441.347,0
pretest-J1-a0p2-d+1-r01-move-to,2884,2544880984885720,0.484005,1,88,249.2802,180.0531,8.8067,0.5902,-0.10565,0.1228,1.0003481,62.5030,0.8598,0.187308,131.911,367.916,0
pretest-J1-a0p2-d+1-r01-move-to,2892,2544881045386360,0.544506,1,88,247.4430,179.4769,6.9696,0.0140,-0.00227,0.0419,1.0000664,62.4853,0.9492,0.187308,131.904,409.053,0
pretest-J1-a0p2-d+1-r01-move-to,2900,2544881105887000,0.605006,1,88,247.5147,179.8148,7.0412,0.3519,0.11814,0.1200,1.0001897,62.4931,0.8614,0.187308,131.921,440.606,0
pretest-J1-a0p2-d+1-r01-move-to,2908,2544881166387640,0.665507,1,88,248.4474,179.4795,7.9739,0.0166,0.00046,0.0603,0.9998999,62.4749,0.9278,0.187308,131.898,446.377,0
pretest-J1-a0p2-d+1-r01-move-to,2916,2544881226888280,0.726008,1,88,247.0283,178.5127,6.5548,-0.9502,-0.00447,0.0821,1.0000975,62.4872,0.9027,0.187308,131.905,469.445,0
pretest-J1-a0p2-d+1-r01-move-to,2924,2544881287388920,0.786508,1,88,247.4768,179.4630,7.0033,0.0001,-0.00285,0.0396,1.0000799,62.4861,0.9521,0.187308,131.908,480.488,0
pretest-J1-a0p2-d+1-r01-move-to,2932,2544881347889560,0.847009,1,88,247.4780,178.5573,7.0045,-0.9056,0.00030,0.0704,1.0000211,62.4824,0.9158,0.187308,131.891,445.899,0
pretest-J1-a0p2-d+1-r01-move-to,2940,2544881408390200,0.907510,1,88,247.9827,179.5114,7.5092,0.0486,-0.02160,0.0511,1.0000479,62.4841,0.9383,0.187308,131.906,491.608,0
pretest-J1-a0p2-d+1-r01-move-to,2948,2544881468890840,0.968010,1,88,247.5268,178.4799,7.0533,-0.9830,0.00076,0.0703,1.0000171,62.4822,0.9159,0.187308,131.898,542.336,0
pretest-J1-a0p2-d+1-r01-move-to,2956,2544881529391480,1.028511,1,88,248.4770,179.5371,8.0036,0.0742,-0.00993,0.0606,0.9998914,62.4743,0.9274,0.187308,131.903,515.059,0
pretest-J1-a0p2-d+1-r01-move-to,2964,2544881589892120,1.089012,1,88,247.5130,178.5389,7.0395,-0.9240,-0.00302,0.0708,1.0000261,62.4828,0.9153,0.187308,131.903,496.833,0
pretest-J1-a0p2-d+1-r01-move-to,2972,2544881650392760,1.149512,1,88,249.4554,179.4261,8.9819,-0.0368,-0.00080,0.0634,1.0000954,62.4871,0.9241,0.187308,131.906,375.311,0
pretest-J1-a0p2-d+1-r01-move-to,2980,2544881710893400,1.210013,1,88,247.4633,180.4069,6.9898,0.9440,0.03490,0.0909,1.0000372,62.4835,0.8926,0.187308,131.910,385.203,0
pretest-J1-a0p2-d+1-r01-move-to,2988,2544881771394040,1.270513,1,88,248.4437,180.4809,7.9702,1.0180,0.00104,0.0889,0.9999280,62.4767,0.8949,0.187308,131.901,446.662,0
pretest-J1-a0p2-d+1-r01-move-to,2996,2544881831894680,1.331014,1,88,240.5333,178.5022,0.0599,-0.9606,-0.00331,0.0692,0.9999600,62.4786,0.9172,0.187308,131.905,578.861,0
pretest-J1-a0p2-d+1-r01-move-to,3004,2544881892395320,1.391515,1,88,240.5166,179.3862,0.0431,-0.0767,0.04543,0.0757,0.9999552,62.4783,0.9098,0.187308,131.899,422.455,0
pretest-J1-a0p2-d+1-r01-move-to,3012,2544881952895960,1.452015,1,88,240.0087,178.5591,-0.4648,-0.9038,-0.02463,0.0806,0.9999968,62.4809,0.9042,0.187308,131.905,368.494,0
pretest-J1-a0p2-d+1-r01-move-to,3020,2544882013396600,1.512516,1,88,239.5037,180.3432,-0.9698,0.8803,0.06275,0.1227,0.9998765,62.4735,0.8581,0.187308,131.907,509.091,0
pretest-J1-a0p2-d+1-r01-move-to,3028,2544882073897240,1.573017,1,88,239.4728,179.5409,-1.0007,0.0780,-0.00786,0.0707,1.0000192,62.4823,0.9154,0.187308,131.904,468.570,0
pretest-J1-a0p2-d+1-r01-move-to,3036,2544882134397880,1.633517,1,88,240.4417,179.4732,-0.0318,0.0103,-0.00608,0.0340,0.9999913,62.4806,0.9583,0.187308,131.913,390.105,0
pretest-J1-a0p2-d+1-r01-move-to,3044,2544882194898520,1.694018,1,88,239.4826,179.4620,-0.9909,-0.0009,-0.00168,0.0736,1.0000228,62.4826,0.9121,0.187308,131.899,509.175,0
pretest-J1-a0p2-d+1-r01-move-to,3052,2544882255399160,1.754519,1,88,239.4795,179.4687,-0.9940,0.0058,-0.00431,0.0716,0.9999434,62.4776,0.9145,0.187308,131.908,542.494,0
pretest-J1-a0p2-d+1-r01-move-to,3060,2544882315899800,1.815019,1,88,239.4442,179.4753,-1.0293,0.0124,-0.00077,0.0713,0.9999876,62.4804,0.9147,0.187308,131.905,433.387,0
pretest-J1-a0p2-d+1-r01-move-to,3068,2544882376400440,1.875520,1,88,238.4518,178.5377,-2.0217,-0.9252,-0.01727,0.0769,0.9998648,62.4727,0.9089,0.187308,131.883,387.344,0
pretest-J1-a0p2-d+1-r01-move-to,3076,2544882436901080,1.936021,1,88,238.5507,178.5159,-1.9227,-0.9469,-0.00992,0.0787,0.9998681,62.4729,0.9067,0.187308,131.905,469.054,0
pretest-J1-a0p2-d+1-r01-move-to,3084,2544882497401720,1.996521,1,88,239.5232,179.5004,-0.9502,0.0375,-0.01600,0.0669,1.0000111,62.4818,0.9198,0.187308,131.896,571.316,0
pretest-J1-a0p2-d+1-r01-move-to,3092,2544882557902360,2.057022,1,88,239.5286,179.5197,-0.9449,0.0569,-0.00280,0.0709,1.0000036,62.4814,0.9152,0.187308,131.898,497.556,0
pretest-J1-a0p2-d+1-r01-move-to,3100,2544882618403000,2.117522,1,88,239.4611,178.5195,-1.0124,-0.9434,-0.01291,0.0947,0.9999330,62.4770,0.8885,0.187308,131.893,518.251,0
pretest-J1-a0p2-d+1-r01-move-to,3108,2544882678903640,2.178023,1,88,239.4880,179.4649,-0.9855,0.0020,0.00275,0.0734,0.9999918,62.4806,0.9124,0.187308,131.902,548.472,0
pretest-J1-a0p2-d+1-r02-move-to,3115,2544882731841700,0.000000,1,88,239.4434,179.4955,0.0000,0.0000,0.00000,0.0000,1.0000000,62.4815,1.0000,0.187408,131.907,524.175,0
pretest-J1-a0p2-d+1-r02-move-to,3123,2544882792342340,0.060501,1,88,239.5035,179.5370,0.0602,0.0415,0.00931,0.0347,0.9999924,62.4810,0.9575,0.187408,131.904,574.208,0
pretest-J1-a0p2-d+1-r02-move-to,3131,2544882852842980,0.121001,1,88,239.5384,178.5400,0.0950,-0.9555,0.00279,0.0747,0.9999078,62.4757,0.9111,0.187408,131.899,384.638,0
pretest-J1-a0p2-d+1-r02-move-to,3139,2544882913343620,0.181502,1,88,239.4659,179.0334,0.0225,-0.4621,-0.01390,0.0576,0.9999074,62.4757,0.9308,0.187408,131.905,388.096,0
pretest-J1-a0p2-d+1-r02-move-to,3147,2544882973844260,0.242003,1,88,245.9875,179.4805,6.5441,-0.0150,0.00873,0.0466,0.9999523,62.4785,0.9436,0.187408,131.902,436.139,0
pretest-J1-a0p2-d+1-r02-move-to,3155,2544883034344900,0.302503,1,88,245.5334,180.3064,6.0901,0.8109,-0.12673,0.1463,0.9999939,62.4813,0.8329,0.187408,131.901,381.383,0
pretest-J1-a0p2-d+1-r02-move-to,3163,2544883094845540,0.363004,1,88,246.9452,179.4832,7.5018,-0.0123,-0.02546,0.0703,1.0000896,62.4871,0.9161,0.187408,131.907,433.601,0
pretest-J1-a0p2-d+1-r02-move-to,3171,2544883155346180,0.423504,1,88,246.5469,179.4807,7.1035,-0.0148,-0.00090,0.0451,0.9999154,62.4762,0.9456,0.187408,131.904,431.537,0
pretest-J1-a0p2-d+1-r02-move-to,3179,2544883215846820,0.484005,1,88,247.4831,179.0063,8.0398,-0.4892,-0.00170,0.0665,1.0000687,62.4858,0.9204,0.187408,131.898,472.797,0
pretest-J1-a0p2-d+1-r02-move-to,3187,2544883276347460,0.544506,1,88,246.8964,179.5149,7.4531,0.0194,-0.04098,0.0893,1.0000959,62.4875,0.8946,0.187408,131.910,463.992,0
pretest-J1-a0p2-d+1-r02-move-to,3195,2544883336848100,0.605006,1,88,247.5228,179.4735,8.0795,-0.0220,-0.00292,0.0609,1.0000190,62.4827,0.9267,0.187408,131.900,500.664,0
pretest-J1-a0p2-d+1-r02-move-to,3203,2544883397348740,0.665507,1,88,246.8694,179.4716,7.4260,-0.0239,-0.04000,0.0984,1.0002412,62.4966,0.8855,0.187408,131.907,382.684,0
pretest-J1-a0p2-d+1-r02-move-to,3211,2544883457849380,0.726008,1,88,248.1930,178.9761,8.7497,-0.5194,-0.02281,0.1028,1.0000312,62.4835,0.8795,0.187408,131.896,366.900,0
pretest-J1-a0p2-d+1-r02-move-to,3219,2544883518350020,0.786508,1,88,248.4625,179.4455,9.0191,-0.0500,0.00251,0.0583,0.9999235,62.4767,0.9300,0.187408,131.899,389.564,0
pretest-J1-a0p2-d+1-r02-move-to,3227,2544883578850660,0.847009,1,88,246.5382,179.4595,7.0949,-0.0360,0.00790,0.0453,0.9999422,62.4779,0.9451,0.187408,131.900,380.572,0
pretest-J1-a0p2-d+1-r02-move-to,3235,2544883639351300,0.907510,1,88,247.5278,180.5220,8.0844,1.0265,-0.00332,0.0873,1.0000863,62.4869,0.8968,0.187408,131.914,522.153,0
pretest-J1-a0p2-d+1-r02-move-to,3243,2544883699851940,0.968010,1,88,247.5145,179.4696,8.0712,-0.0259,-0.00154,0.0651,1.0000721,62.4860,0.9221,0.187408,131.896,546.650,0
pretest-J1-a0p2-d+1-r02-move-to,3251,2544883760352580,1.028511,1,88,248.4806,180.3510,9.0372,0.8555,-0.05746,0.1103,0.9999416,62.4779,0.8713,0.187408,131.908,460.100,0
pretest-J1-a0p2-d+1-r02-move-to,3259,2544883820853220,1.089012,1,88,248.5083,179.4582,9.0649,-0.0373,-0.00285,0.0582,0.9998979,62.4751,0.9302,0.187408,131.900,504.487,0
pretest-J1-a0p2-d+1-r02-move-to,3267,2544883881353860,1.149512,1,88,247.4861,179.4645,8.0427,-0.0310,-0.00057,0.0621,1.0000923,62.4873,0.9256,0.187408,131.903,550.429,0
pretest-J1-a0p2-d+1-r02-move-to,3275,2544883941854500,1.210013,1,88,247.2410,179.5126,7.7976,0.0171,-0.08774,0.1542,1.0001669,62.4921,0.8251,0.187408,131.903,481.913,0
pretest-J1-a0p2-d+1-r02-move-to,3283,2544884002355140,1.270513,1,88,246.9935,179.5164,7.5502,0.0209,0.00365,0.0407,0.9999657,62.4793,0.9504,0.187408,131.905,463.554,0
pretest-J1-a0p2-d+1-r02-move-to,3291,2544884062855780,1.331014,1,88,240.5480,179.4865,1.1047,-0.0090,-0.00608,0.0698,0.9999548,62.4787,0.9165,0.187408,131.905,460.274,0
pretest-J1-a0p2-d+1-r02-move-to,3299,2544884123356420,1.391515,1,88,240.5275,179.4818,1.0842,-0.0137,0.01109,0.0652,0.9999653,62.4793,0.9217,0.187408,131.890,533.165,0
pretest-J1-a0p2-d+1-r02-move-to,3307,2544884183857060,1.452015,1,88,239.6200,179.1644,0.1767,-0.3311,0.14529,0.0926,1.0000250,62.4831,0.8907,0.187408,131.904,368.747,0
pretest-J1-a0p2-d+1-r02-move-to,3315,2544884244357700,1.512516,1,88,240.3123,179.2791,0.8690,-0.2164,0.22878,0.1244,0.9999553,62.4788,0.8560,0.187408,131.905,373.367,0
pretest-J1-a0p2-d+1-r02-move-to,3323,2544884304858340,1.573017,1,88,239.4666,179.9852,0.0232,0.4897,0.00549,0.0486,1.0000062,62.4819,0.9411,0.187408,131.904,388.286,0
pretest-J1-a0p2-d+1-r02-move-to,3331,2544884365358980,1.633517,1,88,239.4572,179.5275,0.0138,0.0320,-0.00297,0.0357,1.0000246,62.4830,0.9564,0.187408,131.905,455.528,0
pretest-J1-a0p2-d+1-r02-move-to,3339,2544884425859620,1.694018,1,88,239.5026,180.5563,0.0593,1.0608,0.00263,0.0742,1.0000188,62.4827,0.9114,0.187408,131.903,495.196,0
pretest-J1-a0p2-d+1-r02-move-to,3347,2544884486360260,1.754519,1,88,239.5090,178.5462,0.0656,-0.9493,0.00735,0.0693,0.9998992,62.4752,0.9173,0.187408,131.907,492.110,0
pretest-J1-a0p2-d+1-r02-move-to,3355,2544884546860900,1.815019,1,88,239.4786,179.5538,0.0353,0.0583,0.00942,0.0359,1.0000232,62.4829,0.9561,0.187408,131.911,476.928,0
pretest-J1-a0p2-d+1-r02-move-to,3363,2544884607361540,1.875520,1,88,239.5263,179.5174,0.0829,0.0219,0.00045,0.0344,0.9999885,62.4808,0.9579,0.187408,131.899,566.648,0
pretest-J1-a0p2-d+1-r02-move-to,3371,2544884667862180,1.936021,1,88,239.4443,180.4701,0.0010,0.9746,0.00690,0.0695,0.9999917,62.4810,0.9168,0.187408,131.901,392.603,0
pretest-J1-a0p2-d+1-r02-move-to,3379,2544884728362820,1.996521,1,88,239.5343,178.5103,0.0909,-0.9852,0.00298,0.0736,0.9999305,62.4772,0.9122,0.187408,131.905,517.649,0
pretest-J1-a0p2-d+1-r02-move-to,3387,2544884788863460,2.057022,1,88,240.4512,178.5292,1.0078,-0.9663,0.00416,0.0905,0.9999776,62.4801,0.8931,0.187408,131.901,420.541,0
pretest-J1-a0p2-d+1-r02-move-to,3395,2544884849364100,2.117522,1,88,239.4719,179.5414,0.0285,0.0459,-0.00375,0.0384,0.9999636,62.4792,0.9532,0.187408,131.906,458.444,0
pretest-J1-a0p2-d+1-r02-move-to,3403,2544884909864740,2.178023,1,88,238.8436,179.5212,-0.5997,0.0257,-0.01244,0.0862,1.0000000,62.4815,0.8978,0.187408,131.902,431.063,0
pretest-J1-a0p2-d-1-r01-move-to,3410,2544884962802800,0.000000,1,88,238.5158,179.4602,0.0000,0.0000,0.00000,0.0000,1.0000000,62.4772,1.0000,0.187522,131.893,475.842,0
pretest-J1-a0p2-d-1-r01-move-to,3418,2544885023303440,0.060501,1,88,239.5274,178.5279,1.0116,-0.9323,-0.01298,0.0911,1.0000303,62.4792,0.8923,0.187522,131.899,458.951,0
pretest-J1-a0p2-d-1-r01-move-to,3426,2544885083804080,0.121001,1,88,239.4577,179.4125,0.9419,-0.0478,0.00125,0.0729,0.9999914,62.4767,0.9129,0.187522,131.901,375.669,0
pretest-J1-a0p2-d-1-r01-move-to,3434,2544885144304720,0.181502,1,88,239.4657,179.3777,0.9499,-0.0825,0.03526,0.0830,1.0000928,62.4831,0.9016,0.187522,131.902,396.372,0
pretest-J1-a0p2-d-1-r01-move-to,3442,2544885204805360,0.242003,1,88,232.5372,179.5343,-5.9786,0.0741,-0.00069,0.0666,1.0000646,62.4813,0.9203,0.187522,131.893,396.741,0
pretest-J1-a0p2-d-1-r01-move-to,3450,2544885265306000,0.302503,1,88,231.5269,179.5425,-6.9889,0.0822,0.00509,0.0392,0.9999612,62.4748,0.9523,0.187522,131.899,424.716,0
pretest-J1-a0p2-d-1-r01-move-to,3458,2544885325806640,0.363004,1,88,231.5447,180.4951,-6.9710,1.0348,-0.00437,0.0693,0.9999408,62.4736,0.9171,0.187522,131.903,519.923,0
pretest-J1-a0p2-d-1-r01-move-to,3466,2544885386307280,0.423504,1,88,231.4932,178.5387,-7.0226,-0.9216,-0.00439,0.0709,0.9998624,62.4687,0.9157,0.187522,131.895,560.158,0
pretest-J1-a0p2-d-1-r01-move-to,3474,2544885446807920,0.484005,1,88,231.4954,179.5259,-7.0204,0.0657,-0.00518,0.0378,0.9999642,62.4750,0.9540,0.187522,131.899,646.091,0
pretest-J1-a0p2-d-1-r01-move-to,3482,2544885507308560,0.544506,1,88,231.3801,179.4826,-7.1357,0.0224,0.01726,0.0705,0.9997733,62.4631,0.9172,0.187522,131.894,453.984,0
pretest-J1-a0p2-d-1-r01-move-to,3490,2544885567809200,0.605006,1,88,231.4993,178.9998,-7.0165,-0.4604,0.00547,0.0477,0.9999636,62.4750,0.9422,0.187522,131.906,508.988,0
pretest-J1-a0p2-d-1-r01-move-to,3498,2544885628309840,0.665507,1,88,231.5093,179.5488,-7.0065,0.0886,-0.00337,0.0398,0.9999344,62.4731,0.9517,0.187522,131.900,496.414,0
pretest-J1-a0p2-d-1-r01-move-to,3506,2544885688810480,0.726008,1,88,230.5209,179.3812,-7.9949,-0.0790,-0.07209,0.0969,1.0000741,62.4819,0.8861,0.187522,131.890,414.014,0
pretest-J1-a0p2-d-1-r01-move-to,3514,2544885749311120,0.786508,1,88,231.5727,179.5289,-6.9431,0.0686,0.00986,0.0488,0.9999001,62.4710,0.9413,0.187522,131.906,401.611,0
pretest-J1-a0p2-d-1-r01-move-to,3522,2544885809811760,0.847009,1,88,231.5363,179.5058,-6.9795,0.0456,-0.00136,0.0392,0.9999573,62.4746,0.9522,0.187522,131.910,527.257,0
pretest-J1-a0p2-d-1-r01-move-to,3530,2544885870312400,0.907510,1,88,231.5402,179.8051,-6.9756,0.3449,-0.14323,0.1146,0.9999698,62.4755,0.8665,0.187522,131.915,372.889,0
pretest-J1-a0p2-d-1-r01-move-to,3538,2544885930813040,0.968010,1,88,231.5308,179.5192,-6.9850,0.0589,-0.00404,0.0370,0.9999237,62.4725,0.9552,0.187522,131.902,491.262,0
pretest-J1-a0p2-d-1-r01-move-to,3546,2544885991313680,1.028511,1,88,230.5048,180.2299,-8.0110,0.7697,0.12286,0.1321,1.0000454,62.4802,0.8478,0.187522,131.897,505.468,0
pretest-J1-a0p2-d-1-r01-move-to,3554,2544886051814320,1.089012,1,88,231.4461,179.5279,-7.0697,0.0677,-0.00413,0.0385,0.9999792,62.4759,0.9531,0.187522,131.904,411.718,0
pretest-J1-a0p2-d-1-r01-move-to,3562,2544886112314960,1.149512,1,88,231.5624,178.5315,-6.9534,-0.9287,0.00354,0.0789,0.9998713,62.4692,0.9065,0.187522,131.905,384.618,0
pretest-J1-a0p2-d-1-r01-move-to,3570,2544886172815600,1.210013,1,88,231.5056,179.9873,-7.0102,0.5270,-0.01189,0.0532,0.9998853,62.4701,0.9362,0.187522,131.889,475.370,0
pretest-J1-a0p2-d-1-r01-move-to,3578,2544886233316240,1.270513,1,88,230.7868,179.6700,-7.7290,0.2098,-0.16937,0.1029,0.9998704,62.4692,0.8797,0.187522,131.908,370.404,0
pretest-J1-a0p2-d-1-r01-move-to,3586,2544886293816880,1.331014,1,88,239.2229,180.4674,0.7071,1.0071,0.05630,0.1368,0.9999104,62.4718,0.8429,0.187522,131.909,379.736,0
pretest-J1-a0p2-d-1-r01-move-to,3594,2544886354317520,1.391515,1,88,239.4977,179.7806,0.9819,0.3204,0.01573,0.1023,1.0000053,62.4777,0.8800,0.187522,131.912,510.862,0
pretest-J1-a0p2-d-1-r01-move-to,3602,2544886414818160,1.452015,1,88,239.4782,179.4544,0.9624,-0.0058,-0.00503,0.0643,1.0000896,62.4829,0.9231,0.187522,131.900,468.218,0
pretest-J1-a0p2-d-1-r01-move-to,3610,2544886475318800,1.512516,1,88,239.5173,179.5450,1.0015,0.0847,-0.00489,0.0649,1.0000696,62.4816,0.9222,0.187522,131.903,451.977,0
pretest-J1-a0p2-d-1-r01-move-to,3618,2544886535819440,1.573017,1,88,239.4727,179.9958,0.9569,0.5356,-0.01809,0.0741,1.0000942,62.4832,0.9118,0.187522,131.912,433.214,0
pretest-J1-a0p2-d-1-r01-move-to,3626,2544886596320080,1.633517,1,88,238.9395,179.5202,0.4237,0.0600,-0.03541,0.0744,1.0001509,62.4867,0.9118,0.187522,131.900,437.167,0
pretest-J1-a0p2-d-1-r01-move-to,3634,2544886656820720,1.694018,1,88,239.5164,179.5348,1.0006,0.0745,-0.00557,0.0657,1.0000704,62.4817,0.9213,0.187522,131.912,489.316,0
pretest-J1-a0p2-d-1-r01-move-to,3642,2544886717321360,1.754519,1,88,238.5411,179.5223,0.0253,0.0621,-0.01040,0.0352,0.9999961,62.4770,0.9570,0.187522,131.902,458.683,0
pretest-J1-a0p2-d-1-r01-move-to,3650,2544886777822000,1.815019,1,88,238.5131,178.5261,-0.0027,-0.9341,-0.01384,0.0687,0.9999491,62.4741,0.9178,0.187522,131.889,577.095,0
pretest-J1-a0p2-d-1-r01-move-to,3658,2544886838322640,1.875520,1,88,239.5356,179.5317,1.0198,0.0714,-0.00508,0.0687,1.0000410,62.4798,0.9178,0.187522,131.909,418.325,0
pretest-J1-a0p2-d-1-r01-move-to,3666,2544886898823280,1.936021,1,88,239.0218,180.4647,0.5060,1.0044,0.02310,0.0878,1.0000270,62.4790,0.8960,0.187522,131.904,375.202,0
pretest-J1-a0p2-d-1-r01-move-to,3674,2544886959323920,1.996521,1,88,239.7204,180.4783,1.2046,1.0181,-0.02080,0.1145,1.0000571,62.4809,0.8668,0.187522,131.893,408.676,0
pretest-J1-a0p2-d-1-r01-move-to,3682,2544887019824560,2.057022,1,88,239.5152,179.4651,0.9994,0.0049,-0.00031,0.0652,1.0000925,62.4830,0.9220,0.187522,131.892,468.940,0
pretest-J1-a0p2-d-1-r01-move-to,3690,2544887080325200,2.117522,1,88,239.5095,180.4628,0.9937,1.0026,-0.00836,0.0890,1.0001130,62.4844,0.8951,0.187522,131.908,512.480,0
pretest-J1-a0p2-d-1-r01-move-to,3698,2544887140825840,2.178023,1,88,240.4673,179.4541,1.9515,-0.0061,-0.00323,0.0489,1.0000484,62.4803,0.9408,0.187522,131.905,410.286,0
pretest-J1-a0p2-d-1-r02-move-to,3705,2544887193763900,0.000000,1,88,239.0310,179.5130,0.0000,0.0000,-0.00000,0.0000,1.0000000,62.4783,1.0000,0.187466,131.902,493.190,0
pretest-J1-a0p2-d-1-r02-move-to,3713,2544887254264540,0.060501,1,88,239.1434,180.4770,0.1124,0.9640,0.03558,0.1133,1.0000547,62.4818,0.8680,0.187466,131.899,414.282,0
pretest-J1-a0p2-d-1-r02-move-to,3721,2544887314765180,0.121001,1,88,238.5191,179.5315,-0.5119,0.0184,-0.01314,0.0617,0.9999638,62.4761,0.9258,0.187466,131.894,511.553,0
pretest-J1-a0p2-d-1-r02-move-to,3729,2544887375265820,0.181502,1,88,238.4787,178.4618,-0.5523,-1.0512,-0.01641,0.0832,0.9999161,62.4731,0.9015,0.187466,131.895,489.943,0
pretest-J1-a0p2-d-1-r02-move-to,3737,2544887435766460,0.242003,1,88,233.0192,179.4824,-6.0118,-0.0306,-0.00848,0.0576,0.9999726,62.4766,0.9305,0.187466,131.899,436.185,0
pretest-J1-a0p2-d-1-r02-move-to,3745,2544887496267100,0.302503,1,88,231.4682,180.5196,-7.5628,1.0065,-0.01955,0.0808,0.9999330,62.4742,0.9041,0.187466,131.897,588.662,0
pretest-J1-a0p2-d-1-r02-move-to,3753,2544887556767740,0.363004,1,88,230.5293,178.5407,-8.5017,-0.9723,-0.02528,0.0863,1.0001119,62.4854,0.8981,0.187466,131.902,419.488,0
pretest-J1-a0p2-d-1-r02-move-to,3761,2544887617268380,0.423504,1,88,232.5033,179.8623,-6.5277,0.3492,-0.05653,0.0864,0.9999204,62.4734,0.8978,0.187466,131.907,490.222,0
pretest-J1-a0p2-d-1-r02-move-to,3769,2544887677769020,0.484005,1,88,231.0040,179.4956,-8.0270,-0.0174,-0.00836,0.0552,0.9999817,62.4772,0.9333,0.187466,131.895,508.377,0
pretest-J1-a0p2-d-1-r02-move-to,3777,2544887738269660,0.544506,1,88,232.3741,179.5230,-6.6569,0.0100,-0.01798,0.0734,0.9999789,62.4770,0.9123,0.187466,131.907,416.523,0
pretest-J1-a0p2-d-1-r02-move-to,3785,2544887798770300,0.605006,1,88,231.5075,180.4497,-7.5235,0.9367,-0.01581,0.0821,0.9999451,62.4749,0.9026,0.187466,131.909,496.390,0
pretest-J1-a0p2-d-1-r02-move-to,3793,2544887859270940,0.665507,1,88,230.5261,179.4907,-8.5049,-0.0223,-0.01244,0.0683,1.0000446,62.4811,0.9183,0.187466,131.902,602.138,0
pretest-J1-a0p2-d-1-r02-move-to,3801,2544887919771580,0.726008,1,88,231.4660,180.4535,-7.5650,0.9405,-0.00641,0.0796,0.9999412,62.4747,0.9054,0.187466,131.894,413.861,0
pretest-J1-a0p2-d-1-r02-move-to,3809,2544887980272220,0.786508,1,88,231.5510,179.4849,-7.4800,-0.0281,-0.01330,0.0598,0.9999630,62.4760,0.9281,0.187466,131.900,469.852,0
pretest-J1-a0p2-d-1-r02-move-to,3817,2544888040772860,0.847009,1,88,230.8446,179.8670,-8.1864,0.3540,-0.18333,0.1172,0.9999351,62.4744,0.8638,0.187466,131.905,366.217,0
pretest-J1-a0p2-d-1-r02-move-to,3825,2544888101273500,0.907510,1,88,231.4757,179.4700,-7.5553,-0.0431,-0.01233,0.0538,0.9999142,62.4730,0.9353,0.187466,131.903,509.104,0
pretest-J1-a0p2-d-1-r02-move-to,3833,2544888161774140,0.968010,1,88,231.4297,178.5342,-7.6013,-0.9788,-0.01991,0.0856,0.9997938,62.4655,0.8996,0.187466,131.895,385.073,0
pretest-J1-a0p2-d-1-r02-move-to,3841,2544888222274780,1.028511,1,88,230.5234,179.9302,-8.5076,0.4172,0.03000,0.0989,1.0000175,62.4795,0.8837,0.187466,131.904,386.375,0
pretest-J1-a0p2-d-1-r02-move-to,3849,2544888282775420,1.089012,1,88,232.4365,179.5123,-6.5945,-0.0007,-0.01705,0.0581,1.0000561,62.4818,0.9301,0.187466,131.902,479.261,0
pretest-J1-a0p2-d-1-r02-move-to,3857,2544888343276060,1.149512,1,88,231.5301,179.5154,-7.5009,0.0023,-0.01116,0.0549,0.9999443,62.4749,0.9338,0.187466,131.896,527.594,0
pretest-J1-a0p2-d-1-r02-move-to,3865,2544888403776700,1.210013,1,88,230.5185,179.5402,-8.5125,0.0272,-0.01136,0.0662,1.0001446,62.4874,0.9213,0.187466,131.899,461.608,0
pretest-J1-a0p2-d-1-r02-move-to,3873,2544888464277340,1.270513,1,88,231.9887,179.5305,-7.0423,0.0175,-0.01343,0.0439,1.0000129,62.4791,0.9466,0.187466,131.910,381.719,0
pretest-J1-a0p2-d-1-r02-move-to,3881,2544888524777980,1.331014,1,88,239.4719,179.9870,0.4409,0.4740,-0.00331,0.0615,1.0000111,62.4790,0.9260,0.187466,131.905,425.222,0
pretest-J1-a0p2-d-1-r02-move-to,3889,2544888585278620,1.391515,1,88,238.5242,179.5677,-0.5068,0.0547,0.00326,0.0722,0.9999403,62.4746,0.9138,0.187466,131.892,407.202,0
pretest-J1-a0p2-d-1-r02-move-to,3897,2544888645779260,1.452015,1,88,238.9899,180.4789,-0.0411,0.9658,-0.01267,0.0751,1.0000324,62.4804,0.9105,0.187466,131.911,425.909,0
pretest-J1-a0p2-d-1-r02-move-to,3905,2544888706279900,1.512516,1,88,240.2569,179.4788,1.2258,-0.0342,0.04258,0.1081,1.0001391,62.4871,0.8739,0.187466,131.903,424.123,0
pretest-J1-a0p2-d-1-r02-move-to,3913,2544888766780540,1.573017,1,88,239.1613,180.4676,0.1302,0.9546,0.01037,0.0973,1.0000507,62.4816,0.8856,0.187466,131.899,376.703,0
pretest-J1-a0p2-d-1-r02-move-to,3921,2544888827281180,1.633517,1,88,239.5212,178.5512,0.4901,-0.9618,-0.01397,0.0793,1.0000259,62.4800,0.9056,0.187466,131.889,399.377,0
pretest-J1-a0p2-d-1-r02-move-to,3929,2544888887781820,1.694018,1,88,239.5020,179.9976,0.4710,0.4846,-0.01066,0.0588,1.0000406,62.4809,0.9292,0.187466,131.903,492.010,0
pretest-J1-a0p2-d-1-r02-move-to,3937,2544888948282460,1.754519,1,88,239.5170,180.4623,0.4860,0.9492,-0.00916,0.0789,1.0000727,62.4829,0.9063,0.187466,131.904,478.710,0
pretest-J1-a0p2-d-1-r02-move-to,3945,2544889008783100,1.815019,1,88,238.9986,179.5244,-0.0324,0.0114,-0.00606,0.0460,0.9999802,62.4771,0.9442,0.187466,131.907,404.124,0
pretest-J1-a0p2-d-1-r02-move-to,3953,2544889069283740,1.875520,1,88,240.4717,179.4713,1.4407,-0.0417,-0.01849,0.0661,1.0000595,62.4821,0.9208,0.187466,131.903,483.982,0
pretest-J1-a0p2-d-1-r02-move-to,3961,2544889129784380,1.936021,1,88,238.5799,179.5286,-0.4511,0.0155,0.01252,0.0776,0.9998770,62.4707,0.9080,0.187466,131.900,402.424,0
pretest-J1-a0p2-d-1-r02-move-to,3969,2544889190285020,1.996521,1,88,240.4506,179.5268,1.4196,0.0137,-0.01400,0.0663,1.0000188,62.4795,0.9205,0.187466,131.904,442.795,0
pretest-J1-a0p2-d-1-r02-move-to,3977,2544889250785660,2.057022,1,88,240.3819,179.4798,1.3509,-0.0332,0.00392,0.0815,0.9999385,62.4745,0.9032,0.187466,131.899,413.610,0
pretest-J1-a0p2-d-1-r02-move-to,3985,2544889311286300,2.117522,1,88,239.5278,179.5252,0.4968,0.0122,-0.01296,0.0501,1.0000469,62.4813,0.9394,0.187466,131.902,488.170,0
pretest-J1-a0p2-d-1-r02-move-to,3993,2544889371786940,2.178023,1,88,239.5235,178.5480,0.4925,-0.9650,-0.01311,0.0808,0.9999879,62.4776,0.9039,0.187466,131.908,396.897,0
