host_ns,event_id,stage,synthetic,command_q_J1_deg,command_q_J2_deg,command_q_J3_deg,command_q_J4_deg,command_q_J5_deg,command_q_J6_deg,actual_q_J1_deg,actual_q_J2_deg,actual_q_J3_deg,actual_q_J4_deg,actual_q_J5_deg,actual_q_J6_deg,actual_qd_J1_deg_s,actual_qd_J2_deg_s,actual_qd_J3_deg_s,actual_qd_J4_deg_s,actual_qd_J5_deg_s,actual_qd_J6_deg_s,actual_tcp_x,actual_tcp_y,actual_tcp_z,actual_tcp_rx,actual_tcp_ry,actual_tcp_rz,robot_mode,safety_mode,runtime_state,speed_scaling
2544859652014400,approach-all-ana-d0-r01-move-pt01,approach,1,-53.836500,-175.699200,148.288700,-137.469900,-17.512000,-112.490900,-53.836500,-175.699200,148.288700,-137.469900,-17.512000,-112.490900,0.000000,0.000000,0.000000,0.000000,0.000000,0.000000,-0.176631,-0.185170,0.541119,0.000000,0.000000,0.000000,SIMULATED,1,0,1.0
2544859702430000,approach-all-ana-d0-r02-move-pt02,approach,1,-53.836500,-175.699200,148.288700,-137.469900,-17.512000,-112.490900,-53.836500,-175.699200,148.288700,-137.469900,-17.512000,-112.490900,0.000000,0.000000,0.000000,0.000000,0.000000,0.000000,-0.176631,-0.185170,0.541119,0.000000,0.000000,0.000000,SIMULATED,1,0,1.0
2544859748000300,approach-all-ana-d0-r03-move-pt03,approach,1,-53.836500,-175.699200,148.288700,-137.469900,-17.512000,-112.490900,-53.836500,-175.699200,148.288700,-137.469900,-17.512000,-112.490900,0.000000,0.000000,0.000000,0.000000,0.000000,0.000000,-0.176631,-0.185170,0.541119,0.000000,0.000000,0.000000,SIMULATED,1,0,1.0
2544859793934500,approach-all-ana-d0-r04-move-pt04,approach,1,-53.836500,-175.699200,148.288700,-137.469900,-17.512000,-112.490900,-53.836500,-175.699200,148.288700,-137.469900,-17.512000,-112.490900,0.000000,0.000000,0.000000,0.000000,0.000000,0.000000,-0.176631,-0.185170,0.541119,0.000000,0.000000,0.000000,SIMULATED,1,0,1.0
2544859843699500,approach-all-ana-d0-r05-move-pt05,approach,1,-53.836500,-175.699200,148.288700,-137.469900,-17.512000,-112.490900,-53.836500,-175.699200,148.288700,-137.469900,-17.512000,-112.490900,0.000000,0.000000,0.000000,0.000000,0.000000,0.000000,-0.176631,-0.185170,0.541119,0.000000,0.000000,0.000000,SIMULATED,1,0,1.0
2544859894311800,approach-all-ana-d0-r06-move-pt06,approach,1,-53.836500,-175.699200,148.288700,-137.469900,-17.512000,-112.490900,-53.836500,-175.699200,148.288700,-137.469900,-17.512000,-112.490900,0.000000,0.000000,0.000000,0.000000,0.000000,0.000000,-0.176631,-0.185170,0.541119,0.000000,0.000000,0.000000,SIMULATED,1,0,1.0
2544859408844980,static-all-ana-d0-r01-hold-hold,static,1,-53.836500,-175.699200,148.288700,-137.469900,-17.512000,-112.490900,-53.836500,-175.699200,148.288700,-137.469900,-17.512000,-112.490900,0.000000,0.000000,0.000000,0.000000,0.000000,0.000000,-0.176631,-0.185170,0.541119,0.000000,0.000000,0.000000,SIMULATED,1,0,1.0
2544859416407560,static-all-ana-d0-r01-hold-hold,static,1,-53.836500,-175.699200,148.288700,-137.469900,-17.512000,-112.490900,-53.836500,-175.699200,148.288700,-137.469900,-17.512000,-112.490900,0.000000,0.000000,0.000000,0.000000,0.000000,0.000000,-0.176631,-0.185170,0.541119,0.000000,0.000000,0.000000,SIMULATED,1,0,1.0
2544859423970140,static-all-ana-d0-r01-hold-hold,static,1,-53.836500,-175.699200,148.288700,-137.469900,-17.512000,-112.490900,-53.836500,-175.699200,148.288700,-137.469900,-17.512000,-112.490900,0.000000,0.000000,0.000000,0.000000,0.000000,0.000000,-0.176631,-0.185170,0.541119,0.000000,0.000000,0.000000,SIMULATED,1,0,1.0
2544859431532720,static-all-ana-d0-r01-hold-hold,static,1,-53.836500,-175.699200,148.288700,-137.469900,-17.512000,-112.490900,-53.836500,-175.699200,148.288700,-137.469900,-17.512000,-112.490900,0.000000,0.000000,0.000000,0.000000,0.000000,0.000000,-0.176631,-0.185170,0.541119,0.000000,0.000000,0.000000,SIMULATED,1,0,1.0
2544859439095300,static-all-ana-d0-r01-hold-hold,static,1,-53.836500,-175.699200,148.288700,-137.469900,-17.512000,-112.490900,-53.836500,-175.699200,148.288700,-137.469900,-17.512000,-112.490900,0.000000,0.000000,0.000000,0.000000,0.000000,0.000000,-0.176631,-0.185170,0.541119,0.000000,0.000000,0.000000,SIMULATED,1,0,1.0
2544859446657880,static-all-ana-d0-r01-hold-hold,static,1,-53.836500,-175.699200,148.288700,-137.469900,-17.512000,-112.490900,-53.836500,-175.699200,148.288700,-137.469900,-17.512000,-112.490900,0.000000,0.000000,0.000000,0.000000,0.000000,0.000000,-0.176631,-0.185170,0.541119,0.000000,0.000000,0.000000,SIMULATED,1,0,1.0
2544859454220460,static-all-ana-d0-r01-hold-hold,static,1,-53.836500,-175.699200,148.288700,-137.469900,-17.512000,-112.490900,-53.836500,-175.699200,148.288700,-137.469900,-17.512000,-112.490900,0.000000,0.000000,0.000000,0.000000,0.000000,0.000000,-0.176631,-0.185170,0.541119,0.000000,0.000000,0.000000,SIMULATED,1,0,1.0
2544859461783040,static-all-ana-d0-r01-hold-hold,static,1,-53.836500,-175.699200,148.288700,-137.469900,-17.512000,-112.490900,-53.836500,-175.699200,148.288700,-137.469900,-17.512000,-112.490900,0.000000,0.000000,0.000000,0.000000,0.000000,0.000000,-0.176631,-0.185170,0.541119,0.000000,0.000000,0.000000,SIMULATED,1,0,1.0
2544859469345620,static-all-ana-d0-r01-hold-hold,static,1,-53.836500,-175.699200,148.288700,-137.469900,-17.512000,-112.490900,-53.836500,-175.699200,148.288700,-137.469900,-17.512000,-112.490900,0.000000,0.000000,0.000000,0.000000,0.000000,0.000000,-0.176631,-0.185170,0.541119,0.000000,0.000000,0.000000,SIMULATED,1,0,1.0
2544859476908200,static-all-ana-d0-r01-hold-hold,static,1,-53.836500,-175.699200,148.288700,-137.469900,-17.512000,-112.490900,-53.836500,-175.699200,148.288700,-137.469900,-17.512000,-112.490900,0.000000,0.000000,0.000000,0.000000,0.000000,0.000000,-0.176631,-0.185170,0.541119,0.000000,0.000000,0.000000,SIMULATED,1,0,1.0
2544859484470780,static-all-ana-d0-r01-hold-hold,static,1,-53.836500,-175.699200,148.288700,-137.469900,-17.512000,-112.490900,-53.836500,-175.699200,148.288700,-137.469900,-17.512000,-112.490900,0.000000,0.000000,0.000000,0.000000,0.000000,0.000000,-0.176631,-0.185170,0.541119,0.000000,0.000000,0.000000,SIMULATED,1,0,1.0
2544859492033360,static-all-ana-d0-r01-hold-hold,static,1,-53.836500,-175.699200,148.288700,-137.469900,-17.512000,-112.490900,-53.836500,-175.699200,148.288700,-137.469900,-17.512000,-112.490900,0.000000,0.000000,0.000000,0.000000,0.000000,0.000000,-0.176631,-0.185170,0.541119,0.000000,0.000000,0.000000,SIMULATED,1,0,1.0
2544859499595940,static-all-ana-d0-r01-hold-hold,static,1,-53.836500,-175.699200,148.288700,-137.469900,-17.512000,-112.490900,-53.836500,-175.699200,148.288700,-137.469900,-17.512000,-112.490900,0.000000,0.000000,0.000000,0.000000,0.000000,0.000000,-0.176631,-0.185170,0.541119,0.000000,0.000000,0.000000,SIMULATED,1,0,1.0
2544859507158520,static-all-ana-d0-r01-hold-hold,static,1,-53.836500,-175.699200,148.288700,-137.469900,-17.512000,-112.490900,-53.836500,-175.699200,148.288700,-137.469900,-17.512000,-112.490900,0.000000,0.000000,0.000000,0.000000,0.000000,0.000000,-0.176631,-0.185170,0.541119,0.000000,0.000000,0.000000,SIMULATED,1,0,1.0
2544859514721100,static-all-ana-d0-r01-hold-hold,static,1,-53.836500,-175.699200,148.288700,-137.469900,-17.512000,-112.490900,-53.836500,-175.699200,148.288700,-137.469900,-17.512000,-112.490900,0.000000,0.000000,0.000000,0.000000,0.000000,0.000000,-0.176631,-0.185170,0.541119,0.000000,0.000000,0.000000,SIMULATED,1,0,1.0
2544859522283680,static-all-ana-d0-r01-hold-hold,static,1,-53.836500,-175.699200,148.288700,-137.469900,-17.512000,-112.490900,-53.836500,-175.699200,148.288700,-137.469900,-17.512000,-112.490900,0.000000,0.000000,0.000000,0.000000,0.000000,0.000000,-0.176631,-0.185170,0.541119,0.000000,0.000000,0.000000,SIMULATED,1,0,1.0
2544859529846260,static-all-ana-d0-r01-hold-hold,static,1,-53.836500,-175.699200,148.288700,-137.469900,-17.512000,-112.490900,-53.836500,-175.699200,148.288700,-137.469900,-17.512000,-112.490900,0.000000,0.000000,0.000000,0.000000,0.000000,0.000000,-0.176631,-0.185170,0.541119,0.000000,0.000000,0.000000,SIMULATED,1,0,1.0
2544859537408840,static-all-ana-d0-r01-hold-hold,static,1,-53.836500,-175.699200,148.288700,-137.469900,-17.512000,-112.490900,-53.836500,-175.699200,148.288700,-137.469900,-17.512000,-112.490900,0.000000,0.000000,0.000000,0.000000,0.000000,0.000000,-0.176631,-0.185170,0.541119,0.000000,0.000000,0.000000,SIMULATED,1,0,1.0
2544859544971420,static-all-ana-d0-r01-hold-hold,static,1,-53.836500,-175.699200,148.288700,-137.469900,-17.512000,-112.490900,-53.836500,-175.699200,148.288700,-137.469900,-17.512000,-112.490900,0.000000,0.000000,0.000000,0.000000,0.000000,0.000000,-0.176631,-0.185170,0.541119,0.000000,0.000000,0.000000,SIMULATED,1,0,1.0
2544859552534000,static-all-ana-d0-r01-hold-hold,static,1,-53.836500,-175.699200,148.288700,-137.469900,-17.512000,-112.490900,-53.836500,-175.699200,148.288700,-137.469900,-17.512000,-112.490900,0.000000,0.000000,0.000000,0.000000,0.000000,0.000000,-0.176631,-0.185170,0.541119,0.000000,0.000000,0.000000,SIMULATED,1,0,1.0
2544859560096580,static-all-ana-d0-r01-hold-hold,static,1,-53.836500,-175.699200,148.288700,-137.469900,-17.512000,-112.490900,-53.836500,-175.699200,148.288700,-137.469900,-17.512000,-112.490900,0.000000,0.000000,0.000000,0.000000,0.000000,0.000000,-0.176631,-0.185170,0.541119,0.000000,0.000000,0.000000,SIMULATED,1,0,1.0
2544859567659160,static-all-ana-d0-r01-hold-hold,static,1,-53.836500,-175.699200,148.288700,-137.469900,-17.512000,-112.490900,-53.836500,-175.699200,148.288700,-137.469900,-17.512000,-112.490900,0.000000,0.000000,0.000000,0.000000,0.000000,0.000000,-0.176631,-0.185170,0.541119,0.000000,0.000000,0.000000,SIMULATED,1,0,1.0
2544859575221740,static-all-ana-d0-r01-hold-hold,static,1,-53.836500,-175.699200,148.288700,-137.469900,-17.512000,-112.490900,-53.836500,-175.699200,148.288700,-137.469900,-17.512000,-112.490900,0.000000,0.000000,0.000000,0.000000,0.000000,0.000000,-0.176631,-0.185170,0.541119,0.000000,0.000000,0.000000,SIMULATED,1,0,1.0
2544859582784320,static-all-ana-d0-r01-hold-hold,static,1,-53.836500,-175.699200,148.288700,-137.469900,-17.512000,-112.490900,-53.836500,-175.699200,148.288700,-137.469900,-17.512000,-112.490900,0.000000,0.000000,0.000000,0.000000,0.000000,0.000000,-0.176631,-0.185170,0.541119,0.000000,0.000000,0.000000,SIMULATED,1,0,1.0
2544859590346900,static-all-ana-d0-r01-hold-hold,static,1,-53.836500,-175.699200,148.288700,-137.469900,-17.512000,-112.490900,-53.836500,-175.699200,148.288700,-137.469900,-17.512000,-112.490900,0.000000,0.000000,0.000000,0.000000,0.000000,0.000000,-0.176631,-0.185170,0.541119,0.000000,0.000000,0.000000,SIMULATED,1,0,1.0
2544859597909480,static-all-ana-d0-r01-hold-hold,static,1,-53.836500,-175.699200,148.288700,-137.469900,-17.512000,-112.490900,-53.836500,-175.699200,148.288700,-137.469900,-17.512000,-112.490900,0.000000,0.000000,0.000000,0.000000,0.000000,0.000000,-0.176631,-0.185170,0.541119,0.000000,0.000000,0.000000,SIMULATED,1,0,1.0
2544859605472060,static-all-ana-d0-r01-hold-hold,static,1,-53.836500,-175.699200,148.288700,-137.469900,-17.512000,-112.490900,-53.836500,-175.699200,148.288700,-137.469900,-17.512000,-112.490900,0.000000,0.000000,0.000000,0.000000,0.000000,0.000000,-0.176631,-0.185170,0.541119,0.000000,0.000000,0.000000,SIMULATED,1,0,1.0
2544859613034640,static-all-ana-d0-r01-hold-hold,static,1,-53.836500,-175.699200,148.288700,-137.469900,-17.512000,-112.490900,-53.836500,-175.699200,148.288700,-137.469900,-17.512000,-112.490900,0.000000,0.000000,0.000000,0.000000,0.000000,0.000000,-0.176631,-0.185170,0.541119,0.000000,0.000000,0.000000,SIMULATED,1,0,1.0
2544859620597220,static-all-ana-d0-r01-hold-hold,static,1,-53.836500,-175.699200,148.288700,-137.469900,-17.512000,-112.490900,-53.836500,-175.699200,148.288700,-137.469900,-17.512000,-112.490900,0.000000,0.000000,0.000000,0.000000,0.000000,0.000000,-0.176631,-0.185170,0.541119,0.000000,0.000000,0.000000,SIMULATED,1,0,1.0
2544859628159800,static-all-ana-d0-r01-hold-hold,static,1,-53.836500,-175.699200,148.288700,-137.469900,-17.512000,-112.490900,-53.836500,-175.699200,148.288700,-137.469900,-17.512000,-112.490900,0.000000,0.000000,0.000000,0.000000,0.000000,0.000000,-0.176631,-0.185170,0.541119,0.000000,0.000000,0.000000,SIMULATED,1,0,1.0
2544859635722380,static-all-ana-d0-r01-hold-hold,static,1,-53.836500,-175.699200,148.288700,-137.469900,-17.512000,-112.490900,-53.836500,-175.699200,148.288700,-137.469900,-17.512000,-112.490900,0.000000,0.000000,0.000000,0.000000,0.000000,0.000000,-0.176631,-0.185170,0.541119,0.000000,0.000000,0.000000,SIMULATED,1,0,1.0
2544859643284960,static-all-ana-d0-r01-hold-hold,static,1,-53.836500,-175.699200,148.288700,-137.469900,-17.512000,-112.490900,-53.836500,-175.699200,148.288700,-137.469900,-17.512000,-112.490900,0.000000,0.000000,0.000000,0.000000,0.000000,0.000000,-0.176631,-0.185170,0.541119,0.000000,0.000000,0.000000,SIMULATED,1,0,1.0
2544859650847540,static-all-ana-d0-r01-hold-hold,static,1,-53.836500,-175.699200,148.288700,-137.469900,-17.512000,-112.490900,-53.836500,-175.699200,148.288700,-137.469900,-17.512000,-112.490900,0.000000,0.000000,0.000000,0.000000,0.000000,0.000000,-0.176631,-0.185170,0.541119,0.000000,0.000000,0.000000,SIMULATED,1,0,1.0
2544859658410120,static-all-ana-d0-r01-hold-hold,static,1,-53.836500,-175.699200,148.288700,-137.469900,-17.512000,-112.490900,-53.836500,-175.699200,148.288700,-137.469900,-17.512000,-112.490900,0.000000,0.000000,0.000000,0.000000,0.000000,0.000000,-0.176631,-0.185170,0.541119,0.000000,0.000000,0.000000,SIMULATED,1,0,1.0
2544859665972700,static-all-ana-d0-r01-hold-hold,static,1,-53.836500,-175.699200,148.288700,-137.469900,-17.512000,-112.490900,-53.836500,-175.699200,148.288700,-137.469900,-17.512000,-112.490900,0.000000,0.000000,0.000000,0.000000,0.000000,0.000000,-0.176631,-0.185170,0.541119,0.000000,0.000000,0.000000,SIMULATED,1,0,1.0
2544859673535280,static-all-ana-d0-r01-hold-hold,static,1,-53.836500,-175.699200,148.288700,-137.469900,-17.512000,-112.490900,-53.836500,-175.699200,148.288700,-137.469900,-17.512000,-112.490900,0.000000,0.000000,0.000000,0.000000,0.000000,0.000000,-0.176631,-0.185170,0.541119,0.000000,0.000000,0.000000,SIMULATED,1,0,1.0
2544859681097860,static-all-ana-d0-r01-hold-hold,static,1,-53.836500,-175.699200,148.288700,-137.469900,-17.512000,-112.490900,-53.836500,-175.699200,148.288700,-137.469900,-17.512000,-112.490900,0.000000,0.000000,0.000000,0.000000,0.000000,0.000000,-0.176631,-0.185170,0.541119,0.000000,0.000000,0.000000,SIMULATED,1,0,1.0
2544859688660440,static-all-ana-d0-r01-hold-hold,static,1,-53.836500,-175.699200,148.288700,-137.469900,-17.512000,-112.490900,-53.836500,-175.699200,148.288700,-137.469900,-17.512000,-112.490900,0.000000,0.000000,0.000000,0.000000,0.000000,0.000000,-0.176631,-0.185170,0.541119,0.000000,0.000000,0.000000,SIMULATED,1,0,1.0
2544859696223020,static-all-ana-d0-r01-hold-hold,static,1,-53.836500,-175.699200,148.288700,-137.469900,-17.512000,-112.490900,-53.836500,-175.699200,148.288700,-137.469900,-17.512000,-112.490900,0.000000,0.000000,0.000000,0.000000,0.000000,0.000000,-0.176631,-0.185170,0.541119,0.000000,0.000000,0.000000,SIMULATED,1,0,1.0
2544859703785600,static-all-ana-d0-r01-hold-hold,static,1,-53.836500,-175.699200,148.288700,-137.469900,-17.512000,-112.490900,-53.836500,-175.699200,148.288700,-137.469900,-17.512000,-112.490900,0.000000,0.000000,0.000000,0.000000,0.000000,0.000000,-0.176631,-0.185170,0.541119,0.000000,0.000000,0.000000,SIMULATED,1,0,1.0
2544859711348180,static-all-ana-d0-r01-hold-hold,static,1,-53.836500,-175.699200,148.288700,-137.469900,-17.512000,-112.490900,-53.836500,-175.699200,148.288700,-137.469900,-17.512000,-112.490900,0.000000,0.000000,0.000000,0.000000,0.000000,0.000000,-0.176631,-0.185170,0.541119,0.000000,0.000000,0.000000,SIMULATED,1,0,1.0
2544859718910760,static-all-ana-d0-r01-hold-hold,static,1,-53.836500,-175.699200,148.288700,-137.469900,-17.512000,-112.490900,-53.836500,-175.699200,148.288700,-137.469900,-17.512000,-112.490900,0.000000,0.000000,0.000000,0.000000,0.000000,0.000000,-0.176631,-0.185170,0.541119,0.000000,0.000000,0.000000,SIMULATED,1,0,1.0
2544859726473340,static-all-ana-d0-r01-hold-hold,static,1,-53.836500,-175.699200,148.288700,-137.469900,-17.512000,-112.490900,-53.836500,-175.699200,148.288700,-137.469900,-17.512000,-112.490900,0.000000,0.000000,0.000000,0.000000,0.000000,0.000000,-0.176631,-0.185170,0.541119,0.000000,0.000000,0.000000,SIMULATED,1,0,1.0
2544859734035920,static-all-ana-d0-r01-hold-hold,static,1,-53.836500,-175.699200,148.288700,-137.469900,-17.512000,-112.490900,-53.836500,-175.699200,148.288700,-137.469900,-17.512000,-112.490900,0.000000,0.000000,0.000000,0.000000,0.000000,0.000000,-0.176631,-0.185170,0.541119,0.000000,0.000000,0.000000,SIMULATED,1,0,1.0
2544859741598500,static-all-ana-d0-r01-hold-hold,static,1,-53.836500,-175.699200,148.288700,-137.469900,-17.512000,-112.490900,-53.836500,-175.699200,148.288700,-137.469900,-17.512000,-112.490900,0.000000,0.000000,0.000000,0.000000,0.000000,0.000000,-0.176631,-0.185170,0.541119,0.000000,0.000000,0.000000,SIMULATED,1,0,1.0
2544859749161080,static-all-ana-d0-r01-hold-hold,static,1,-53.836500,-175.699200,148.288700,-137.469900,-17.512000,-112.490900,-53.836500,-175.699200,148.288700,-137.469900,-17.512000,-112.490900,0.000000,0.000000,0.000000,0.000000,0.000000,0.000000,-0.176631,-0.185170,0.541119,0.000000,0.000000,0.000000,SIMULATED,1,0,1.0
2544859756723660,static-all-ana-d0-r01-hold-hold,static,1,-53.836500,-175.699200,148.288700,-137.469900,-17.512000,-112.490900,-53.836500,-175.699200,148.288700,-137.469900,-17.512000,-112.490900,0.000000,0.000000,0.000000,0.000000,0.000000,0.000000,-0.176631,-0.185170,0.541119,0.000000,0.000000,0.000000,SIMULATED,1,0,1.0
2544859764286240,static-all-ana-d0-r01-hold-hold,static,1,-53.836500,-175.699200,148.288700,-137.469900,-17.512000,-112.490900,-53.836500,-175.699200,148.288700,-137.469900,-17.512000,-112.490900,0.000000,0.000000,0.000000,0.000000,0.000000,0.000000,-0.176631,-0.185170,0.541119,0.000000,0.000000,0.000000,SIMULATED,1,0,1.0
2544859771848820,static-all-ana-d0-r01-hold-hold,static,1,-53.836500,-175.699200,148.288700,-137.469900,-17.512000,-112.490900,-53.836500,-175.699200,148.288700,-137.469900,-17.512000,-112.490900,0.000000,0.000000,0.000000,0.000000,0.000000,0.000000,-0.176631,-0.185170,0.541119,0.000000,0.000000,0.000000,SIMULATED,1,0,1.0
2544859779411400,static-all-ana-d0-r01-hold-hold,static,1,-53.836500,-175.699200,148.288700,-137.469900,-17.512000,-112.490900,-53.836500,-175.699200,148.288700,-137.469900,-17.512000,-112.490900,0.000000,0.000000,0.000000,0.000000,0.000000,0.000000,-0.176631,-0.185170,0.541119,0.000000,0.000000,0.000000,SIMULATED,1,0,1.0
2544859786973980,static-all-ana-d0-r01-hold-hold,static,1,-53.836500,-175.699200,148.288700,-137.469900,-17.512000,-112.490900,-53.836500,-175.699200,148.288700,-137.469900,-17.512000,-112.490900,0.000000,0.000000,0.000000,0.000000,0.000000,0.000000,-0.176631,-0.185170,0.541119,0.000000,0.000000,0.000000,SIMULATED,1,0,1.0
2544859794536560,static-all-ana-d0-r01-hold-hold,static,1,-53.836500,-175.699200,148.288700,-137.469900,-17.512000,-112.490900,-53.836500,-175.699200,148.288700,-137.469900,-17.512000,-112.490900,0.000000,0.000000,0.000000,0.000000,0.000000,0.000000,-0.176631,-0.185170,0.541119,0.000000,0.000000,0.000000,SIMULATED,1,0,1.0
2544859802099140,static-all-ana-d0-r01-hold-hold,static,1,-53.836500,-175.699200,148.288700,-137.469900,-17.512000,-112.490900,-53.836500,-175.699200,148.288700,-137.469900,-17.512000,-112.490900,0.000000,0.000000,0.000000,0.000000,0.000000,0.000000,-0.176631,-0.185170,0.541119,0.000000,0.000000,0.000000,SIMULATED,1,0,1.0
2544859809661720,static-all-ana-d0-r01-hold-hold,static,1,-53.836500,-175.699200,148.288700,-137.469900,-17.512000,-112.490900,-53.836500,-175.699200,148.288700,-137.469900,-17.512000,-112.490900,0.000000,0.000000,0.000000,0.000000,0.000000,0.000000,-0.176631,-0.185170,0.541119,0.000000,0.000000,0.000000,SIMULATED,1,0,1.0
2544859817224300,static-all-ana-d0-r01-hold-hold,static,1,-53.836500,-175.699200,148.288700,-137.469900,-17.512000,-112.490900,-53.836500,-175.699200,148.288700,-137.469900,-17.512000,-112.490900,0.000000,0.000000,0.000000,0.000000,0.000000,0.000000,-0.176631,-0.185170,0.541119,0.000000,0.000000,0.000000,SIMULATED,1,0,1.0
2544859824786880,static-all-ana-d0-r01-hold-hold,static,1,-53.836500,-175.699200,148.288700,-137.469900,-17.512000,-112.490900,-53.836500,-175.699200,148.288700,-137.469900,-17.512000,-112.490900,0.000000,0.000000,0.000000,0.000000,0.000000,0.000000,-0.176631,-0.185170,0.541119,0.000000,0.000000,0.000000,SIMULATED,1,0,1.0
2544859832349460,static-all-ana-d0-r01-hold-hold,static,1,-53.836500,-175.699200,148.288700,-137.469900,-17.512000,-112.490900,-53.836500,-175.699200,148.288700,-137.469900,-17.512000,-112.490900,0.000000,0.000000,0.000000,0.000000,0.000000,0.000000,-0.176631,-0.185170,0.541119,0.000000,0.000000,0.000000,SIMULATED,1,0,1.0
2544859839912040,static-all-ana-d0-r01-hold-hold,static,1,-53.836500,-175.699200,148.288700,-137.469900,-17.512000,-112.490900,-53.836500,-175.699200,148.288700,-137.469900,-17.512000,-112.490900,0.000000,0.000000,0.000000,0.000000,0.000000,0.000000,-0.176631,-0.185170,0.541119,0.000000,0.000000,0.000000,SIMULATED,1,0,1.0
2544859847474620,static-all-ana-d0-r01-hold-hold,static,1,-53.836500,-175.699200,148.288700,-137.469900,-17.512000,-112.490900,-53.836500,-175.699200,148.288700,-137.469900,-17.512000,-112.490900,0.000000,0.000000,0.000000,0.000000,0.000000,0.000000,-0.176631,-0.185170,0.541119,0.000000,0.000000,0.000000,SIMULATED,1,0,1.0
2544859855037200,static-all-ana-d0-r01-hold-hold,static,1,-53.836500,-175.699200,148.288700,-137.469900,-17.512000,-112.490900,-53.836500,-175.699200,148.288700,-137.469900,-17.512000,-112.490900,0.000000,0.000000,0.000000,0.000000,0.000000,0.000000,-0.176631,-0.185170,0.541119,0.000000,0.000000,0.000000,SIMULATED,1,0,1.0
2544859862599780,static-all-ana-d0-r01-hold-hold,static,1,-53.836500,-175.699200,148.288700,-137.469900,-17.512000,-112.490900,-53.836500,-175.699200,148.288700,-137.469900,-17.512000,-112.490900,0.000000,0.000000,0.000000,0.000000,0.000000,0.000000,-0.176631,-0.185170,0.541119,0.000000,0.000000,0.000000,SIMULATED,1,0,1.0
2544859870162360,static-all-ana-d0-r01-hold-hold,static,1,-53.836500,-175.699200,148.288700,-137.469900,-17.512000,-112.490900,-53.836500,-175.699200,148.288700,-137.469900,-17.512000,-112.490900,0.000000,0.000000,0.000000,0.000000,0.000000,0.000000,-0.176631,-0.185170,0.541119,0.000000,0.000000,0.000000,SIMULATED,1,0,1.0
2544859877724940,static-all-ana-d0-r01-hold-hold,static,1,-53.836500,-175.699200,148.288700,-137.469900,-17.512000,-112.490900,-53.836500,-175.699200,148.288700,-137.469900,-17.512000,-112.490900,0.000000,0.000000,0.000000,0.000000,0.000000,0.000000,-0.176631,-0.185170,0.541119,0.000000,0.000000,0.000000,SIMULATED,1,0,1.0
2544859885287520,static-all-ana-d0-r01-hold-hold,static,1,-53.836500,-175.699200,148.288700,-137.469900,-17.512000,-112.490900,-53.836500,-175.699200,148.288700,-137.469900,-17.512000,-112.490900,0.000000,0.000000,0.000000,0.000000,0.000000,0.000000,-0.176631,-0.185170,0.541119,0.000000,0.000000,0.000000,SIMULATED,1,0,1.0
2544859892850100,static-all-ana-d0-r01-hold-hold,static,1,-53.836500,-175.699200,148.288700,-137.469900,-17.512000,-112.490900,-53.836500,-175.699200,148.288700,-137.469900,-17.512000,-112.490900,0.000000,0.000000,0.000000,0.000000,0.000000,0.000000,-0.176631,-0.185170,0.541119,0.000000,0.000000,0.000000,SIMULATED,1,0,1.0
2544859900412680,static-all-ana-d0-r01-hold-hold,static,1,-53.836500,-175.699200,148.288700,-137.469900,-17.512000,-112.490900,-53.836500,-175.699200,148.288700,-137.469900,-17.512000,-112.490900,0.000000,0.000000,0.000000,0.000000,0.000000,0.000000,-0.176631,-0.185170,0.541119,0.000000,0.000000,0.000000,SIMULATED,1,0,1.0
2544859907975260,static-all-ana-d0-r01-hold-hold,static,1,-53.836500,-175.699200,148.288700,-137.469900,-17.512000,-112.490900,-53.836500,-175.699200,148.288700,-137.469900,-17.512000,-112.490900,0.000000,0.000000,0.000000,0.000000,0.000000,0.000000,-0.176631,-0.185170,0.541119,0.000000,0.000000,0.000000,SIMULATED,1,0,1.0
2544859915537840,static-all-ana-d0-r01-hold-hold,static,1,-53.836500,-175.699200,148.288700,-137.469900,-17.512000,-112.490900,-53.836500,-175.699200,148.288700,-137.469900,-17.512000,-112.490900,0.000000,0.000000,0.000000,0.000000,0.000000,0.000000,-0.176631,-0.185170,0.541119,0.000000,0.000000,0.000000,SIMULATED,1,0,1.0
2544859923100420,static-all-ana-d0-r01-hold-hold,static,1,-53.836500,-175.699200,148.288700,-137.469900,-17.512000,-112.490900,-53.836500,-175.699200,148.288700,-137.469900,-17.512000,-112.490900,0.000000,0.000000,0.000000,0.000000,0.000000,0.000000,-0.176631,-0.185170,0.541119,0.000000,0.000000,0.000000,SIMULATED,1,0,1.0
2544859930663000,static-all-ana-d0-r01-hold-hold,static,1,-53.836500,-175.699200,148.288700,-137.469900,-17.512000,-112.490900,-53.836500,-175.699200,148.288700,-137.469900,-17.512000,-112.490900,0.000000,0.000000,0.000000,0.000000,0.000000,0.000000,-0.176631,-0.185170,0.541119,0.000000,0.000000,0.000000,SIMULATED,1,0,1.0
2544859938225580,static-all-ana-d0-r01-hold-hold,static,1,-53.836500,-175.699200,148.288700,-137.469900,-17.512000,-112.490900,-53.836500,-175.699200,148.288700,-137.469900,-17.512000,-112.490900,0.000000,0.000000,0.000000,0.000000,0.000000,0.000000,-0.176631,-0.185170,0.541119,0.000000,0.000000,0.000000,SIMULATED,1,0,1.0
2544859945788160,static-all-ana-d0-r01-hold-hold,static,1,-53.836500,-175.699200,148.288700,-137.469900,-17.512000,-112.490900,-53.836500,-175.699200,148.288700,-137.469900,-17.512000,-112.490900,0.000000,0.000000,0.000000,0.000000,0.000000,0.000000,-0.176631,-0.185170,0.541119,0.000000,0.000000,0.000000,SIMULATED,1,0,1.0
2544859953350740,static-all-ana-d0-r01-hold-hold,static,1,-53.836500,-175.699200,148.288700,-137.469900,-17.512000,-112.490900,-53.836500,-175.699200,148.288700,-137.469900,-17.512000,-112.490900,0.000000,0.000000,0.000000,0.000000,0.000000,0.000000,-0.176631,-0.185170,0.541119,0.000000,0.000000,0.000000,SIMULATED,1,0,1.0
2544859960913320,static-all-ana-d0-r01-hold-hold,static,1,-53.836500,-175.699200,148.288700,-137.469900,-17.512000,-112.490900,-53.836500,-175.699200,148.288700,-137.469900,-17.512000,-112.490900,0.000000,0.000000,0.000000,0.000000,0.000000,0.000000,-0.176631,-0.185170,0.541119,0.000000,0.000000,0.000000,SIMULATED,1,0,1.0
2544859968475900,static-all-ana-d0-r01-hold-hold,static,1,-53.836500,-175.699200,148.288700,-137.469900,-17.512000,-112.490900,-53.836500,-175.699200,148.288700,-137.469900,-17.512000,-112.490900,0.000000,0.000000,0.000000,0.000000,0.000000,0.000000,-0.176631,-0.185170,0.541119,0.000000,0.000000,0.000000,SIMULATED,1,0,1.0
2544859976038480,static-all-ana-d0-r01-hold-hold,static,1,-53.836500,-175.699200,148.288700,-137.469900,-17.512000,-112.490900,-53.836500,-175.699200,148.288700,-137.469900,-17.512000,-112.490900,0.000000,0.000000,0.000000,0.000000,0.000000,0.000000,-0.176631,-0.185170,0.541119,0.000000,0.000000,0.000000,SIMULATED,1,0,1.0
2544859983601060,static-all-ana-d0-r01-hold-hold,static,1,-53.836500,-175.699200,148.288700,-137.469900,-17.512000,-112.490900,-53.836500,-175.699200,148.288700,-137.469900,-17.512000,-112.490900,0.000000,0.000000,0.000000,0.000000,0.000000,0.000000,-0.176631,-0.185170,0.541119,0.000000,0.000000,0.000000,SIMULATED,1,0,1.0
2544859991163640,static-all-ana-d0-r01-hold-hold,static,1,-53.836500,-175.699200,148.288700,-137.469900,-17.512000,-112.490900,-53.836500,-175.699200,148.288700,-137.469900,-17.512000,-112.490900,0.000000,0.000000,0.000000,0.000000,0.000000,0.000000,-0.176631,-0.185170,0.541119,0.000000,0.000000,0.000000,SIMULATED,1,0,1.0
2544859998726220,static-all-ana-d0-r01-hold-hold,static,1,-53.836500,-175.699200,148.288700,-137.469900,-17.512000,-112.490900,-53.836500,-175.699200,148.288700,-137.469900,-17.512000,-112.490900,0.000000,0.000000,0.000000,0.000000,0.000000,0.000000,-0.176631,-0.185170,0.541119,0.000000,0.000000,0.000000,SIMULATED,1,0,1.0
2544860006288800,static-all-ana-d0-r01-hold-hold,static,1,-53.836500,-175.699200,148.288700,-137.469900,-17.512000,-112.490900,-53.836500,-175.699200,148.288700,-137.469900,-17.512000,-112.490900,0.000000,0.000000,0.000000,0.000000,0.000000,0.000000,-0.176631,-0.185170,0.541119,0.000000,0.000000,0.000000,SIMULATED,1,0,1.0
2544860013851380,static-all-ana-d0-r01-hold-hold,static,1,-53.836500,-175.699200,148.288700,-137.469900,-17.512000,-112.490900,-53.836500,-175.699200,148.288700,-137.469900,-17.512000,-112.490900,0.000000,0.000000,0.000000,0.000000,0.000000,0.000000,-0.176631,-0.185170,0.541119,0.000000,0.000000,0.000000,SIMULATED,1,0,1.0
2544860021413960,static-all-ana-d0-r01-hold-hold,static,1,-53.836500,-175.699200,148.288700,-137.469900,-17.512000,-112.490900,-53.836500,-175.699200,148.288700,-137.469900,-17.512000,-112.490900,0.000000,0.000000,0.000000,0.000000,0.000000,0.000000,-0.176631,-0.185170,0.541119,0.000000,0.000000,0.000000,SIMULATED,1,0,1.0
2544860028976540,static-all-ana-d0-r01-hold-hold,static,1,-53.836500,-175.699200,148.288700,-137.469900,-17.512000,-112.490900,-53.836500,-175.699200,148.288700,-137.469900,-17.512000,-112.490900,0.000000,0.000000,0.000000,0.000000,0.000000,0.000000,-0.176631,-0.185170,0.541119,0.000000,0.000000,0.000000,SIMULATED,1,0,1.0
2544860036539120,static-all-ana-d0-r01-hold-hold,static,1,-53.836500,-175.699200,148.288700,-137.469900,-17.512000,-112.490900,-53.836500,-175.699200,148.288700,-137.469900,-17.512000,-112.490900,0.000000,0.000000,0.000000,0.000000,0.000000,0.000000,-0.176631,-0.185170,0.541119,0.000000,0.000000,0.000000,SIMULATED,1,0,1.0
2544860044101700,static-all-ana-d0-r01-hold-hold,static,1,-53.836500,-175.699200,148.288700,-137.469900,-17.512000,-112.490900,-53.836500,-175.699200,148.288700,-137.469900,-17.512000,-112.490900,0.000000,0.000000,0.000000,0.000000,0.000000,0.000000,-0.176631,-0.185170,0.541119,0.000000,0.000000,0.000000,SIMULATED,1,0,1.0
2544860051664280,static-all-ana-d0-r01-hold-hold,static,1,-53.836500,-175.699200,148.288700,-137.469900,-17.512000,-112.490900,-53.836500,-175.699200,148.288700,-137.469900,-17.512000,-112.490900,0.000000,0.000000,0.000000,0.000000,0.000000,0.000000,-0.176631,-0.185170,0.541119,0.000000,0.000000,0.000000,SIMULATED,1,0,1.0
2544860059226860,static-all-ana-d0-r01-hold-hold,static,1,-53.836500,-175.699200,148.288700,-137.469900,-17.512000,-112.490900,-53.836500,-175.699200,148.288700,-137.469900,-17.512000,-112.490900,0.000000,0.000000,0.000000,0.000000,0.000000,0.000000,-0.176631,-0.185170,0.541119,0.000000,0.000000,0.000000,SIMULATED,1,0,1.0
2544860066789440,static-all-ana-d0-r01-hold-hold,static,1,-53.836500,-175.699200,148.288700,-137.469900,-17.512000,-112.490900,-53.836500,-175.699200,148.288700,-137.469900,-17.512000,-112.490900,0.000000,0.000000,0.000000,0.000000,0.000000,0.000000,-0.176631,-0.185170,0.541119,0.000000,0.000000,0.000000,SIMULATED,1,0,1.0
2544860074352020,static-all-ana-d0-r01-hold-hold,static,1,-53.836500,-175.699200,148.288700,-137.469900,-17.512000,-112.490900,-53.836500,-175.699200,148.288700,-137.469900,-17.512000,-112.490900,0.000000,0.000000,0.000000,0.000000,0.000000,0.000000,-0.176631,-0.185170,0.541119,0.000000,0.000000,0.000000,SIMULATED,1,0,1.0
2544860081914600,static-all-ana-d0-r01-hold-hold,static,1,-53.836500,-175.699200,148.288700,-137.469900,-17.512000,-112.490900,-53.836500,-175.699200,148.288700,-137.469900,-17.512000,-112.490900,0.000000,0.000000,0.000000,0.000000,0.000000,0.000000,-0.176631,-0.185170,0.541119,0.000000,0.000000,0.000000,SIMULATED,1,0,1.0
2544860089477180,static-all-ana-d0-r01-hold-hold,static,1,-53.836500,-175.699200,148.288700,-137.469900,-17.512000,-112.490900,-53.836500,-175.699200,148.288700,-137.469900,-17.512000,-112.490900,0.000000,0.000000,0.000000,0.000000,0.000000,0.000000,-0.176631,-0.185170,0.541119,0.000000,0.000000,0.000000,SIMULATED,1,0,1.0
2544860097039760,static-all-ana-d0-r01-hold-hold,static,1,-53.836500,-175.699200,148.288700,-137.469900,-17.512000,-112.490900,-53.836500,-175.699200,148.288700,-137.469900,-17.512000,-112.490900,0.000000,0.000000,0.000000,0.000000,0.000000,0.000000,-0.176631,-0.185170,0.541119,0.000000,0.000000,0.000000,SIMULATED,1,0,1.0
2544860104602340,static-all-ana-d0-r01-hold-hold,static,1,-53.836500,-175.699200,148.288700,-137.469900,-17.512000,-112.490900,-53.836500,-175.699200,148.288700,-137.469900,-17.512000,-112.490900,0.000000,0.000000,0.000000,0.000000,0.000000,0.000000,-0.176631,-0.185170,0.541119,0.000000,0.000000,0.000000,SIMULATED,1,0,1.0
2544860112164920,static-all-ana-d0-r01-hold-hold,static,1,-53.836500,-175.699200,148.288700,-137.469900,-17.512000,-112.490900,-53.836500,-175.699200,148.288700,-137.469900,-17.512000,-112.490900,0.000000,0.000000,0.000000,0.000000,0.000000,0.000000,-0.176631,-0.185170,0.541119,0.000000,0.000000,0.000000,SIMULATED,1,0,1.0
2544860119727500,static-all-ana-d0-r01-hold-hold,static,1,-53.836500,-175.699200,148.288700,-137.469900,-17.512000,-112.490900,-53.836500,-175.699200,148.288700,-137.469900,-17.512000,-112.490900,0.000000,0.000000,0.000000,0.000000,0.000000,0.000000,-0.176631,-0.185170,0.541119,0.000000,0.000000,0.000000,SIMULATED,1,0,1.0
2544860127290080,static-all-ana-d0-r01-hold-hold,static,1,-53.836500,-175.699200,148.288700,-137.469900,-17.512000,-112.490900,-53.836500,-175.699200,148.288700,-137.469900,-17.512000,-112.490900,0.000000,0.000000,0.000000,0.000000,0.000000,0.000000,-0.176631,-0.185170,0.541119,0.000000,0.000000,0.000000,SIMULATED,1,0,1.0
2544860134852660,static-all-ana-d0-r01-hold-hold,static,1,-53.836500,-175.699200,148.288700,-137.469900,-17.512000,-112.490900,-53.836500,-175.699200,148.288700,-137.469900,-17.512000,-112.490900,0.000000,0.000000,0.000000,0.000000,0.000000,0.000000,-0.176631,-0.185170,0.541119,0.000000,0.000000,0.000000,SIMULATED,1,0,1.0
2544860142415240,static-all-ana-d0-r01-hold-hold,static,1,-53.836500,-175.699200,148.288700,-137.469900,-17.512000,-112.490900,-53.836500,-175.699200,148.288700,-137.469900,-17.512000,-112.490900,0.000000,0.000000,0.000000,0.000000,0.000000,0.000000,-0.176631,-0.185170,0.541119,0.000000,0.000000,0.000000,SIMULATED,1,0,1.0
2544860149977820,static-all-ana-d0-r01-hold-hold,static,1,-53.836500,-175.699200,148.288700,-137.469900,-17.512000,-112.490900,-53.836500,-175.699200,148.288700,-137.469900,-17.512000,-112.490900,0.000000,0.000000,0.000000,0.000000,0.000000,0.000000,-0.176631,-0.185170,0.541119,0.000000,0.000000,0.000000,SIMULATED,1,0,1.0
2544860157540400,static-all-ana-d0-r01-hold-hold,static,1,-53.836500,-175.699200,148.288700,-137.469900,-17.512000,-112.490900,-53.836500,-175.699200,148.288700,-137.469900,-17.512000,-112.490900,0.000000,0.000000,0.000000,0.000000,0.000000,0.000000,-0.176631,-0.185170,0.541119,0.000000,0.000000,0.000000,SIMULATED,1,0,1.0
2544860165102980,static-all-ana-d0-r01-hold-hold,static,1,-53.836500,-175.699200,148.288700,-137.469900,-17.512000,-112.490900,-53.836500,-175.699200,148.288700,-137.469900,-17.512000,-112.490900,0.000000,0.000000,0.000000,0.000000,0.000000,0.000000,-0.176631,-0.185170,0.541119,0.000000,0.000000,0.000000,SIMULATED,1,0,1.0
2544860172665560,static-all-ana-d0-r01-hold-hold,static,1,-53.836500,-175.699200,148.288700,-137.469900,-17.512000,-112.490900,-53.836500,-175.699200,148.288700,-137.469900,-17.512000,-112.490900,0.000000,0.000000,0.000000,0.000000,0.000000,0.000000,-0.176631,-0.185170,0.541119,0.000000,0.000000,0.000000,SIMULATED,1,0,1.0
2544860180228140,static-all-ana-d0-r01-hold-hold,static,1,-53.836500,-175.699200,148.288700,-137.469900,-17.512000,-112.490900,-53.836500,-175.699200,148.288700,-137.469900,-17.512000,-112.490900,0.000000,0.000000,0.000000,0.000000,0.000000,0.000000,-0.176631,-0.185170,0.541119,0.000000,0.000000,0.000000,SIMULATED,1,0,1.0
2544860187790720,static-all-ana-d0-r01-hold-hold,static,1,-53.836500,-175.699200,148.288700,-137.469900,-17.512000,-112.490900,-53.836500,-175.699200,148.288700,-137.469900,-17.512000,-112.490900,0.000000,0.000000,0.000000,0.000000,0.000000,0.000000,-0.176631,-0.185170,0.541119,0.000000,0.000000,0.000000,SIMULATED,1,0,1.0
2544860195353300,static-all-ana-d0-r01-hold-hold,static,1,-53.836500,-175.699200,148.288700,-137.469900,-17.512000,-112.490900,-53.836500,-175.699200,148.288700,-137.469900,-17.512000,-112.490900,0.000000,0.000000,0.000000,0.000000,0.000000,0.000000,-0.176631,-0.185170,0.541119,0.000000,0.000000,0.000000,SIMULATED,1,0,1.0
2544860202915880,static-all-ana-d0-r01-hold-hold,static,1,-53.836500,-175.699200,148.288700,-137.469900,-17.512000,-112.490900,-53.836500,-175.699200,148.288700,-137.469900,-17.512000,-112.490900,0.000000,0.000000,0.000000,0.000000,0.000000,0.000000,-0.176631,-0.185170,0.541119,0.000000,0.000000,0.000000,SIMULATED,1,0,1.0
2544860210478460,static-all-ana-d0-r01-hold-hold,static,1,-53.836500,-175.699200,148.288700,-137.469900,-17.512000,-112.490900,-53.836500,-175.699200,148.288700,-137.469900,-17.512000,-112.490900,0.000000,0.000000,0.000000,0.000000,0.000000,0.000000,-0.176631,-0.185170,0.541119,0.000000,0.000000,0.000000,SIMULATED,1,0,1.0
2544860218041040,static-all-ana-d0-r01-hold-hold,static,1,-53.836500,-175.699200,148.288700,-137.469900,-17.512000,-112.490900,-53.836500,-175.699200,148.288700,-137.469900,-17.512000,-112.490900,0.000000,0.000000,0.000000,0.000000,0.000000,0.000000,-0.176631,-0.185170,0.541119,0.000000,0.000000,0.000000,SIMULATED,1,0,1.0
2544860225603620,static-all-ana-d0-r01-hold-hold,static,1,-53.836500,-175.699200,148.288700,-137.469900,-17.512000,-112.490900,-53.836500,-175.699200,148.288700,-137.469900,-17.512000,-112.490900,0.000000,0.000000,0.000000,0.000000,0.000000,0.000000,-0.176631,-0.185170,0.541119,0.000000,0.000000,0.000000,SIMULATED,1,0,1.0
2544860233166200,static-all-ana-d0-r01-hold-hold,static,1,-53.836500,-175.699200,148.288700,-137.469900,-17.512000,-112.490900,-53.836500,-175.699200,148.288700,-137.469900,-17.512000,-112.490900,0.000000,0.000000,0.000000,0.000000,0.000000,0.000000,-0.176631,-0.185170,0.541119,0.000000,0.000000,0.000000,SIMULATED,1,0,1.0
2544860240728780,static-all-ana-d0-r01-hold-hold,static,1,-53.836500,-175.699200,148.288700,-137.469900,-17.512000,-112.490900,-53.836500,-175.699200,148.288700,-137.469900,-17.512000,-112.490900,0.000000,0.000000,0.000000,0.000000,0.000000,0.000000,-0.176631,-0.185170,0.541119,0.000000,0.000000,0.000000,SIMULATED,1,0,1.0
2544860248291360,static-all-ana-d0-r01-hold-hold,static,1,-53.836500,-175.699200,148.288700,-137.469900,-17.512000,-112.490900,-53.836500,-175.699200,148.288700,-137.469900,-17.512000,-112.490900,0.000000,0.000000,0.000000,0.000000,0.000000,0.000000,-0.176631,-0.185170,0.541119,0.000000,0.000000,0.000000,SIMULATED,1,0,1.0
2544860255853940,static-all-ana-d0-r01-hold-hold,static,1,-53.836500,-175.699200,148.288700,-137.469900,-17.512000,-112.490900,-53.836500,-175.699200,148.288700,-137.469900,-17.512000,-112.490900,0.000000,0.000000,0.000000,0.000000,0.000000,0.000000,-0.176631,-0.185170,0.541119,0.000000,0.000000,0.000000,SIMULATED,1,0,1.0
2544860263416520,static-all-ana-d0-r01-hold-hold,static,1,-53.836500,-175.699200,148.288700,-137.469900,-17.512000,-112.490900,-53.836500,-175.699200,148.288700,-137.469900,-17.512000,-112.490900,0.000000,0.000000,0.000000,0.000000,0.000000,0.000000,-0.176631,-0.185170,0.541119,0.000000,0.000000,0.000000,SIMULATED,1,0,1.0
2544860270979100,static-all-ana-d0-r01-hold-hold,static,1,-53.836500,-175.699200,148.288700,-137.469900,-17.512000,-112.490900,-53.836500,-175.699200,148.288700,-137.469900,-17.512000,-112.490900,0.000000,0.000000,0.000000,0.000000,0.000000,0.000000,-0.176631,-0.185170,0.541119,0.000000,0.000000,0.000000,SIMULATED,1,0,1.0
2544860278541680,static-all-ana-d0-r01-hold-hold,static,1,-53.836500,-175.699200,148.288700,-137.469900,-17.512000,-112.490900,-53.836500,-175.699200,148.288700,-137.469900,-17.512000,-112.490900,0.000000,0.000000,0.000000,0.000000,0.000000,0.000000,-0.176631,-0.185170,0.541119,0.000000,0.000000,0.000000,SIMULATED,1,0,1.0
2544860286104260,static-all-ana-d0-r01-hold-hold,static,1,-53.836500,-175.699200,148.288700,-137.469900,-17.512000,-112.490900,-53.836500,-175.699200,148.288700,-137.469900,-17.512000,-112.490900,0.000000,0.000000,0.000000,0.000000,0.000000,0.000000,-0.176631,-0.185170,0.541119,0.000000,0.000000,0.000000,SIMULATED,1,0,1.0
2544860293666840,static-all-ana-d0-r01-hold-hold,static,1,-53.836500,-175.699200,148.288700,-137.469900,-17.512000,-112.490900,-53.836500,-175.699200,148.288700,-137.469900,-17.512000,-112.490900,0.000000,0.000000,0.000000,0.000000,0.000000,0.000000,-0.176631,-0.185170,0.541119,0.000000,0.000000,0.000000,SIMULATED,1,0,1.0
2544860301229420,static-all-ana-d0-r01-hold-hold,static,1,-53.836500,-175.699200,148.288700,-137.469900,-17.512000,-112.490900,-53.836500,-175.699200,148.288700,-137.469900,-17.512000,-112.490900,0.000000,0.000000,0.000000,0.000000,0.000000,0.000000,-0.176631,-0.185170,0.541119,0.000000,0.000000,0.000000,SIMULATED,1,0,1.0
2544860308792000,static-all-ana-d0-r01-hold-hold,static,1,-53.836500,-175.699200,148.288700,-137.469900,-17.512000,-112.490900,-53.836500,-175.699200,148.288700,-137.469900,-17.512000,-112.490900,0.000000,0.000000,0.000000,0.000000,0.000000,0.000000,-0.176631,-0.185170,0.541119,0.000000,0.000000,0.000000,SIMULATED,1,0,1.0
2544860316354580,static-all-ana-d0-r01-hold-hold,static,1,-53.836500,-175.699200,148.288700,-137.469900,-17.512000,-112.490900,-53.836500,-175.699200,148.288700,-137.469900,-17.512000,-112.490900,0.000000,0.000000,0.000000,0.000000,0.000000,0.000000,-0.176631,-0.185170,0.541119,0.000000,0.000000,0.000000,SIMULATED,1,0,1.0
2544860323917160,static-all-ana-d0-r01-hold-hold,static,1,-53.836500,-175.699200,148.288700,-137.469900,-17.512000,-112.490900,-53.836500,-175.699200,148.288700,-137.469900,-17.512000,-112.490900,0.000000,0.000000,0.000000,0.000000,0.000000,0.000000,-0.176631,-0.185170,0.541119,0.000000,0.000000,0.000000,SIMULATED,1,0,1.0
2544860331479740,static-all-ana-d0-r01-hold-hold,static,1,-53.836500,-175.699200,148.288700,-137.469900,-17.512000,-112.490900,-53.836500,-175.699200,148.288700,-137.469900,-17.512000,-112.490900,0.000000,0.000000,0.000000,0.000000,0.000000,0.000000,-0.176631,-0.185170,0.541119,0.000000,0.000000,0.000000,SIMULATED,1,0,1.0
2544860339042320,static-all-ana-d0-r01-hold-hold,static,1,-53.836500,-175.699200,148.288700,-137.469900,-17.512000,-112.490900,-53.836500,-175.699200,148.288700,-137.469900,-17.512000,-112.490900,0.000000,0.000000,0.000000,0.000000,0.000000,0.000000,-0.176631,-0.185170,0.541119,0.000000,0.000000,0.000000,SIMULATED,1,0,1.0
2544860346604900,static-all-ana-d0-r01-hold-hold,static,1,-53.836500,-175.699200,148.288700,-137.469900,-17.512000,-112.490900,-53.836500,-175.699200,148.288700,-137.469900,-17.512000,-112.490900,0.000000,0.000000,0.000000,0.000000,0.000000,0.000000,-0.176631,-0.185170,0.541119,0.000000,0.000000,0.000000,SIMULATED,1,0,1.0
2544860354167480,static-all-ana-d0-r01-hold-hold,static,1,-53.836500,-175.699200,148.288700,-137.469900,-17.512000,-112.490900,-53.836500,-175.699200,148.288700,-137.469900,-17.512000,-112.490900,0.000000,0.000000,0.000000,0.000000,0.000000,0.000000,-0.176631,-0.185170,0.541119,0.000000,0.000000,0.000000,SIMULATED,1,0,1.0
2544860361730060,static-all-ana-d0-r01-hold-hold,static,1,-53.836500,-175.699200,148.288700,-137.469900,-17.512000,-112.490900,-53.836500,-175.699200,148.288700,-137.469900,-17.512000,-112.490900,0.000000,0.000000,0.000000,0.000000,0.000000,0.000000,-0.176631,-0.185170,0.541119,0.000000,0.000000,0.000000,SIMULATED,1,0,1.0
2544860369292640,static-all-ana-d0-r01-hold-hold,static,1,-53.836500,-175.699200,148.288700,-137.469900,-17.512000,-112.490900,-53.836500,-175.699200,148.288700,-137.469900,-17.512000,-112.490900,0.000000,0.000000,0.000000,0.000000,0.000000,0.000000,-0.176631,-0.185170,0.541119,0.000000,0.000000,0.000000,SIMULATED,1,0,1.0
2544860376855220,static-all-ana-d0-r01-hold-hold,static,1,-53.836500,-175.699200,148.288700,-137.469900,-17.512000,-112.490900,-53.836500,-175.699200,148.288700,-137.469900,-17.512000,-112.490900,0.000000,0.000000,0.000000,0.000000,0.000000,0.000000,-0.176631,-0.185170,0.541119,0.000000,0.000000,0.000000,SIMULATED,1,0,1.0
2544860384417800,static-all-ana-d0-r01-hold-hold,static,1,-53.836500,-175.699200,148.288700,-137.469900,-17.512000,-112.490900,-53.836500,-175.699200,148.288700,-137.469900,-17.512000,-112.490900,0.000000,0.000000,0.000000,0.000000,0.000000,0.000000,-0.176631,-0.185170,0.541119,0.000000,0.000000,0.000000,SIMULATED,1,0,1.0
2544860391980380,static-all-ana-d0-r01-hold-hold,static,1,-53.836500,-175.699200,148.288700,-137.469900,-17.512000,-112.490900,-53.836500,-175.699200,148.288700,-137.469900,-17.512000,-112.490900,0.000000,0.000000,0.000000,0.000000,0.000000,0.000000,-0.176631,-0.185170,0.541119,0.000000,0.000000,0.000000,SIMULATED,1,0,1.0
2544860399542960,static-all-ana-d0-r01-hold-hold,static,1,-53.836500,-175.699200,148.288700,-137.469900,-17.512000,-112.490900,-53.836500,-175.699200,148.288700,-137.469900,-17.512000,-112.490900,0.000000,0.000000,0.000000,0.000000,0.000000,0.000000,-0.176631,-0.185170,0.541119,0.000000,0.000000,0.000000,SIMULATED,1,0,1.0
2544860407105540,static-all-ana-d0-r01-hold-hold,static,1,-53.836500,-175.699200,148.288700,-137.469900,-17.512000,-112.490900,-53.836500,-175.699200,148.288700,-137.469900,-17.512000,-112.490900,0.000000,0.000000,0.000000,0.000000,0.000000,0.000000,-0.176631,-0.185170,0.541119,0.000000,0.000000,0.000000,SIMULATED,1,0,1.0
2544860414668120,static-all-ana-d0-r01-hold-hold,static,1,-53.836500,-175.699200,148.288700,-137.469900,-17.512000,-112.490900,-53.836500,-175.699200,148.288700,-137.469900,-17.512000,-112.490900,0.000000,0.000000,0.000000,0.000000,0.000000,0.000000,-0.176631,-0.185170,0.541119,0.000000,0.000000,0.000000,SIMULATED,1,0,1.0
2544860422230700,static-all-ana-d0-r01-hold-hold,static,1,-53.836500,-175.699200,148.288700,-137.469900,-17.512000,-112.490900,-53.836500,-175.699200,148.288700,-137.469900,-17.512000,-112.490900,0.000000,0.000000,0.000000,0.000000,0.000000,0.000000,-0.176631,-0.185170,0.541119,0.000000,0.000000,0.000000,SIMULATED,1,0,1.0
2544860429793280,static-all-ana-d0-r01-hold-hold,static,1,-53.836500,-175.699200,148.288700,-137.469900,-17.512000,-112.490900,-53.836500,-175.699200,148.288700,-137.469900,-17.512000,-112.490900,0.000000,0.000000,0.000000,0.000000,0.000000,0.000000,-0.176631,-0.185170,0.541119,0.000000,0.000000,0.000000,SIMULATED,1,0,1.0
2544860437355860,static-all-ana-d0-r01-hold-hold,static,1,-53.836500,-175.699200,148.288700,-137.469900,-17.512000,-112.490900,-53.836500,-175.699200,148.288700,-137.469900,-17.512000,-112.490900,0.000000,0.000000,0.000000,0.000000,0.000000,0.000000,-0.176631,-0.185170,0.541119,0.000000,0.000000,0.000000,SIMULATED,1,0,1.0
2544860444918440,static-all-ana-d0-r01-hold-hold,static,1,-53.836500,-175.699200,148.288700,-137.469900,-17.512000,-112.490900,-53.836500,-175.699200,148.288700,-137.469900,-17.512000,-112.490900,0.000000,0.000000,0.000000,0.000000,0.000000,0.000000,-0.176631,-0.185170,0.541119,0.000000,0.000000,0.000000,SIMULATED,1,0,1.0
2544860452481020,static-all-ana-d0-r01-hold-hold,static,1,-53.836500,-175.699200,148.288700,-137.469900,-17.512000,-112.490900,-53.836500,-175.699200,148.288700,-137.469900,-17.512000,-112.490900,0.000000,0.000000,0.000000,0.000000,0.000000,0.000000,-0.176631,-0.185170,0.541119,0.000000,0.000000,0.000000,SIMULATED,1,0,1.0
2544860460043600,static-all-ana-d0-r01-hold-hold,static,1,-53.836500,-175.699200,148.288700,-137.469900,-17.512000,-112.490900,-53.836500,-175.699200,148.288700,-137.469900,-17.512000,-112.490900,0.000000,0.000000,0.000000,0.000000,0.000000,0.000000,-0.176631,-0.185170,0.541119,0.000000,0.000000,0.000000,SIMULATED,1,0,1.0
2544860467606180,static-all-ana-d0-r01-hold-hold,static,1,-53.836500,-175.699200,148.288700,-137.469900,-17.512000,-112.490900,-53.836500,-175.699200,148.288700,-137.469900,-17.512000,-112.490900,0.000000,0.000000,0.000000,0.000000,0.000000,0.000000,-0.176631,-0.185170,0.541119,0.000000,0.000000,0.000000,SIMULATED,1,0,1.0
2544860475168760,static-all-ana-d0-r01-hold-hold,static,1,-53.836500,-175.699200,148.288700,-137.469900,-17.512000,-112.490900,-53.836500,-175.699200,148.288700,-137.469900,-17.512000,-112.490900,0.000000,0.000000,0.000000,0.000000,0.000000,0.000000,-0.176631,-0.185170,0.541119,0.000000,0.000000,0.000000,SIMULATED,1,0,1.0
2544860482731340,static-all-ana-d0-r01-hold-hold,static,1,-53.836500,-175.699200,148.288700,-137.469900,-17.512000,-112.490900,-53.836500,-175.699200,148.288700,-137.469900,-17.512000,-112.490900,0.000000,0.000000,0.000000,0.000000,0.000000,0.000000,-0.176631,-0.185170,0.541119,0.000000,0.000000,0.000000,SIMULATED,1,0,1.0
2544860490293920,static-all-ana-d0-r01-hold-hold,static,1,-53.836500,-175.699200,148.288700,-137.469900,-17.512000,-112.490900,-53.836500,-175.699200,148.288700,-137.469900,-17.512000,-112.490900,0.000000,0.000000,0.000000,0.000000,0.000000,0.000000,-0.176631,-0.185170,0.541119,0.000000,0.000000,0.000000,SIMULATED,1,0,1.0
2544860497856500,static-all-ana-d0-r01-hold-hold,static,1,-53.836500,-175.699200,148.288700,-137.469900,-17.512000,-112.490900,-53.836500,-175.699200,148.288700,-137.469900,-17.512000,-112.490900,0.000000,0.000000,0.000000,0.000000,0.000000,0.000000,-0.176631,-0.185170,0.541119,0.000000,0.000000,0.000000,SIMULATED,1,0,1.0
2544860505419080,static-all-ana-d0-r01-hold-hold,static,1,-53.836500,-175.699200,148.288700,-137.469900,-17.512000,-112.490900,-53.836500,-175.699200,148.288700,-137.469900,-17.512000,-112.490900,0.000000,0.000000,0.000000,0.000000,0.000000,0.000000,-0.176631,-0.185170,0.541119,0.000000,0.000000,0.000000,SIMULATED,1,0,1.0
2544860512981660,static-all-ana-d0-r01-hold-hold,static,1,-53.836500,-175.699200,148.288700,-137.469900,-17.512000,-112.490900,-53.836500,-175.699200,148.288700,-137.469900,-17.512000,-112.490900,0.000000,0.000000,0.000000,0.000000,0.000000,0.000000,-0.176631,-0.185170,0.541119,0.000000,0.000000,0.000000,SIMULATED,1,0,1.0
2544860520544240,static-all-ana-d0-r01-hold-hold,static,1,-53.836500,-175.699200,148.288700,-137.469900,-17.512000,-112.490900,-53.836500,-175.699200,148.288700,-137.469900,-17.512000,-112.490900,0.000000,0.000000,0.000000,0.000000,0.000000,0.000000,-0.176631,-0.185170,0.541119,0.000000,0.000000,0.000000,SIMULATED,1,0,1.0
2544860528106820,static-all-ana-d0-r01-hold-hold,static,1,-53.836500,-175.699200,148.288700,-137.469900,-17.512000,-112.490900,-53.836500,-175.699200,148.288700,-137.469900,-17.512000,-112.490900,0.000000,0.000000,0.000000,0.000000,0.000000,0.000000,-0.176631,-0.185170,0.541119,0.000000,0.000000,0.000000,SIMULATED,1,0,1.0
2544860535669400,static-all-ana-d0-r01-hold-hold,static,1,-53.836500,-175.699200,148.288700,-137.469900,-17.512000,-112.490900,-53.836500,-175.699200,148.288700,-137.469900,-17.512000,-112.490900,0.000000,0.000000,0.000000,0.000000,0.000000,0.000000,-0.176631,-0.185170,0.541119,0.000000,0.000000,0.000000,SIMULATED,1,0,1.0
2544860543231980,static-all-ana-d0-r01-hold-hold,static,1,-53.836500,-175.699200,148.288700,-137.469900,-17.512000,-112.490900,-53.836500,-175.699200,148.288700,-137.469900,-17.512000,-112.490900,0.000000,0.000000,0.000000,0.000000,0.000000,0.000000,-0.176631,-0.185170,0.541119,0.000000,0.000000,0.000000,SIMULATED,1,0,1.0
2544860550794560,static-all-ana-d0-r01-hold-hold,static,1,-53.836500,-175.699200,148.288700,-137.469900,-17.512000,-112.490900,-53.836500,-175.699200,148.288700,-137.469900,-17.512000,-112.490900,0.000000,0.000000,0.000000,0.000000,0.000000,0.000000,-0.176631,-0.185170,0.541119,0.000000,0.000000,0.000000,SIMULATED,1,0,1.0
2544860558357140,static-all-ana-d0-r01-hold-hold,static,1,-53.836500,-175.699200,148.288700,-137.469900,-17.512000,-112.490900,-53.836500,-175.699200,148.288700,-137.469900,-17.512000,-112.490900,0.000000,0.000000,0.000000,0.000000,0.000000,0.000000,-0.176631,-0.185170,0.541119,0.000000,0.000000,0.000000,SIMULATED,1,0,1.0
2544860565919720,static-all-ana-d0-r01-hold-hold,static,1,-53.836500,-175.699200,148.288700,-137.469900,-17.512000,-112.490900,-53.836500,-175.699200,148.288700,-137.469900,-17.512000,-112.490900,0.000000,0.000000,0.000000,0.000000,0.000000,0.000000,-0.176631,-0.185170,0.541119,0.000000,0.000000,0.000000,SIMULATED,1,0,1.0
2544860573482300,static-all-ana-d0-r01-hold-hold,static,1,-53.836500,-175.699200,148.288700,-137.469900,-17.512000,-112.490900,-53.836500,-175.699200,148.288700,-137.469900,-17.512000,-112.490900,0.000000,0.000000,0.000000,0.000000,0.000000,0.000000,-0.176631,-0.185170,0.541119,0.000000,0.000000,0.000000,SIMULATED,1,0,1.0
2544860581044880,static-all-ana-d0-r01-hold-hold,static,1,-53.836500,-175.699200,148.288700,-137.469900,-17.512000,-112.490900,-53.836500,-175.699200,148.288700,-137.469900,-17.512000,-112.490900,0.000000,0.000000,0.000000,0.000000,0.000000,0.000000,-0.176631,-0.185170,0.541119,0.000000,0.000000,0.000000,SIMULATED,1,0,1.0
2544860588607460,static-all-ana-d0-r01-hold-hold,static,1,-53.836500,-175.699200,148.288700,-137.469900,-17.512000,-112.490900,-53.836500,-175.699200,148.288700,-137.469900,-17.512000,-112.490900,0.000000,0.000000,0.000000,0.000000,0.000000,0.000000,-0.176631,-0.185170,0.541119,0.000000,0.000000,0.000000,SIMULATED,1,0,1.0
2544860596170040,static-all-ana-d0-r01-hold-hold,static,1,-53.836500,-175.699200,148.288700,-137.469900,-17.512000,-112.490900,-53.836500,-175.699200,148.288700,-137.469900,-17.512000,-112.490900,0.000000,0.000000,0.000000,0.000000,0.000000,0.000000,-0.176631,-0.185170,0.541119,0.000000,0.000000,0.000000,SIMULATED,1,0,1.0
2544860603732620,static-all-ana-d0-r01-hold-hold,static,1,-53.836500,-175.699200,148.288700,-137.469900,-17.512000,-112.490900,-53.836500,-175.699200,148.288700,-137.469900,-17.512000,-112.490900,0.000000,0.000000,0.000000,0.000000,0.000000,0.000000,-0.176631,-0.185170,0.541119,0.000000,0.000000,0.000000,SIMULATED,1,0,1.0
2544860611295200,static-all-ana-d0-r01-hold-hold,static,1,-53.836500,-175.699200,148.288700,-137.469900,-17.512000,-112.490900,-53.836500,-175.699200,148.288700,-137.469900,-17.512000,-112.490900,0.000000,0.000000,0.000000,0.000000,0.000000,0.000000,-0.176631,-0.185170,0.541119,0.000000,0.000000,0.000000,SIMULATED,1,0,1.0
2544860618857780,static-all-ana-d0-r01-hold-hold,static,1,-53.836500,-175.699200,148.288700,-137.469900,-17.512000,-112.490900,-53.836500,-175.699200,148.288700,-137.469900,-17.512000,-112.490900,0.000000,0.000000,0.000000,0.000000,0.000000,0.000000,-0.176631,-0.185170,0.541119,0.000000,0.000000,0.000000,SIMULATED,1,0,1.0
2544860626420360,static-all-ana-d0-r01-hold-hold,static,1,-53.836500,-175.699200,148.288700,-137.469900,-17.512000,-112.490900,-53.836500,-175.699200,148.288700,-137.469900,-17.512000,-112.490900,0.000000,0.000000,0.000000,0.000000,0.000000,0.000000,-0.176631,-0.185170,0.541119,0.000000,0.000000,0.000000,SIMULATED,1,0,1.0
2544860633982940,static-all-ana-d0-r01-hold-hold,static,1,-53.836500,-175.699200,148.288700,-137.469900,-17.512000,-112.490900,-53.836500,-175.699200,148.288700,-137.469900,-17.512000,-112.490900,0.000000,0.000000,0.000000,0.000000,0.000000,0.000000,-0.176631,-0.185170,0.541119,0.000000,0.000000,0.000000,SIMULATED,1,0,1.0
2544860641545520,static-all-ana-d0-r01-hold-hold,static,1,-53.836500,-175.699200,148.288700,-137.469900,-17.512000,-112.490900,-53.836500,-175.699200,148.288700,-137.469900,-17.512000,-112.490900,0.000000,0.000000,0.000000,0.000000,0.000000,0.000000,-0.176631,-0.185170,0.541119,0.000000,0.000000,0.000000,SIMULATED,1,0,1.0
2544860649108100,static-all-ana-d0-r01-hold-hold,static,1,-53.836500,-175.699200,148.288700,-137.469900,-17.512000,-112.490900,-53.836500,-175.699200,148.288700,-137.469900,-17.512000,-112.490900,0.000000,0.000000,0.000000,0.000000,0.000000,0.000000,-0.176631,-0.185170,0.541119,0.000000,0.000000,0.000000,SIMULATED,1,0,1.0
2544860656670680,static-all-ana-d0-r01-hold-hold,static,1,-53.836500,-175.699200,148.288700,-137.469900,-17.512000,-112.490900,-53.836500,-175.699200,148.288700,-137.469900,-17.512000,-112.490900,0.000000,0.000000,0.000000,0.000000,0.000000,0.000000,-0.176631,-0.185170,0.541119,0.000000,0.000000,0.000000,SIMULATED,1,0,1.0
2544860664233260,static-all-ana-d0-r01-hold-hold,static,1,-53.836500,-175.699200,148.288700,-137.469900,-17.512000,-112.490900,-53.836500,-175.699200,148.288700,-137.469900,-17.512000,-112.490900,0.000000,0.000000,0.000000,0.000000,0.000000,0.000000,-0.176631,-0.185170,0.541119,0.000000,0.000000,0.000000,SIMULATED,1,0,1.0
2544860671795840,static-all-ana-d0-r01-hold-hold,static,1,-53.836500,-175.699200,148.288700,-137.469900,-17.512000,-112.490900,-53.836500,-175.699200,148.288700,-137.469900,-17.512000,-112.490900,0.000000,0.000000,0.000000,0.000000,0.000000,0.000000,-0.176631,-0.185170,0.541119,0.000000,0.000000,0.000000,SIMULATED,1,0,1.0
2544860679358420,static-all-ana-d0-r01-hold-hold,static,1,-53.836500,-175.699200,148.288700,-137.469900,-17.512000,-112.490900,-53.836500,-175.699200,148.288700,-137.469900,-17.512000,-112.490900,0.000000,0.000000,0.000000,0.000000,0.000000,0.000000,-0.176631,-0.185170,0.541119,0.000000,0.000000,0.000000,SIMULATED,1,0,1.0
2544860686921000,static-all-ana-d0-r01-hold-hold,static,1,-53.836500,-175.699200,148.288700,-137.469900,-17.512000,-112.490900,-53.836500,-175.699200,148.288700,-137.469900,-17.512000,-112.490900,0.000000,0.000000,0.000000,0.000000,0.000000,0.000000,-0.176631,-0.185170,0.541119,0.000000,0.000000,0.000000,SIMULATED,1,0,1.0
2544860694483580,static-all-ana-d0-r01-hold-hold,static,1,-53.836500,-175.699200,148.288700,-137.469900,-17.512000,-112.490900,-53.836500,-175.699200,148.288700,-137.469900,-17.512000,-112.490900,0.000000,0.000000,0.000000,0.000000,0.000000,0.000000,-0.176631,-0.185170,0.541119,0.000000,0.000000,0.000000,SIMULATED,1,0,1.0
2544860702046160,static-all-ana-d0-r01-hold-hold,static,1,-53.836500,-175.699200,148.288700,-137.469900,-17.512000,-112.490900,-53.836500,-175.699200,148.288700,-137.469900,-17.512000,-112.490900,0.000000,0.000000,0.000000,0.000000,0.000000,0.000000,-0.176631,-0.185170,0.541119,0.000000,0.000000,0.000000,SIMULATED,1,0,1.0
2544860709608740,static-all-ana-d0-r01-hold-hold,static,1,-53.836500,-175.699200,148.288700,-137.469900,-17.512000,-112.490900,-53.836500,-175.699200,148.288700,-137.469900,-17.512000,-112.490900,0.000000,0.000000,0.000000,0.000000,0.000000,0.000000,-0.176631,-0.185170,0.541119,0.000000,0.000000,0.000000,SIMULATED,1,0,1.0
2544860717171320,static-all-ana-d0-r01-hold-hold,static,1,-53.836500,-175.699200,148.288700,-137.469900,-17.512000,-112.490900,-53.836500,-175.699200,148.288700,-137.469900,-17.512000,-112.490900,0.000000,0.000000,0.000000,0.000000,0.000000,0.000000,-0.176631,-0.185170,0.541119,0.000000,0.000000,0.000000,SIMULATED,1,0,1.0
2544860724733900,static-all-ana-d0-r01-hold-hold,static,1,-53.836500,-175.699200,148.288700,-137.469900,-17.512000,-112.490900,-53.836500,-175.699200,148.288700,-137.469900,-17.512000,-112.490900,0.000000,0.000000,0.000000,0.000000,0.000000,0.000000,-0.176631,-0.185170,0.541119,0.000000,0.000000,0.000000,SIMULATED,1,0,1.0
2544860732296480,static-all-ana-d0-r01-hold-hold,static,1,-53.836500,-175.699200,148.288700,-137.469900,-17.512000,-112.490900,-53.836500,-175.699200,148.288700,-137.469900,-17.512000,-112.490900,0.000000,0.000000,0.000000,0.000000,0.000000,0.000000,-0.176631,-0.185170,0.541119,0.000000,0.000000,0.000000,SIMULATED,1,0,1.0
2544860739859060,static-all-ana-d0-r01-hold-hold,static,1,-53.836500,-175.699200,148.288700,-137.469900,-17.512000,-112.490900,-53.836500,-175.699200,148.288700,-137.469900,-17.512000,-112.490900,0.000000,0.000000,0.000000,0.000000,0.000000,0.000000,-0.176631,-0.185170,0.541119,0.000000,0.000000,0.000000,SIMULATED,1,0,1.0
2544860747421640,static-all-ana-d0-r01-hold-hold,static,1,-53.836500,-175.699200,148.288700,-137.469900,-17.512000,-112.490900,-53.836500,-175.699200,148.288700,-137.469900,-17.512000,-112.490900,0.000000,0.000000,0.000000,0.000000,0.000000,0.000000,-0.176631,-0.185170,0.541119,0.000000,0.000000,0.000000,SIMULATED,1,0,1.0
2544860754984220,static-all-ana-d0-r01-hold-hold,static,1,-53.836500,-175.699200,148.288700,-137.469900,-17.512000,-112.490900,-53.836500,-175.699200,148.288700,-137.469900,-17.512000,-112.490900,0.000000,0.000000,0.000000,0.000000,0.000000,0.000000,-0.176631,-0.185170,0.541119,0.000000,0.000000,0.000000,SIMULATED,1,0,1.0
2544860762546800,static-all-ana-d0-r01-hold-hold,static,1,-53.836500,-175.699200,148.288700,-137.469900,-17.512000,-112.490900,-53.836500,-175.699200,148.288700,-137.469900,-17.512000,-112.490900,0.000000,0.000000,0.000000,0.000000,0.000000,0.000000,-0.176631,-0.185170,0.541119,0.000000,0.000000,0.000000,SIMULATED,1,0,1.0
2544860770109380,static-all-ana-d0-r01-hold-hold,static,1,-53.836500,-175.699200,148.288700,-137.469900,-17.512000,-112.490900,-53.836500,-175.699200,148.288700,-137.469900,-17.512000,-112.490900,0.000000,0.000000,0.000000,0.000000,0.000000,0.000000,-0.176631,-0.185170,0.541119,0.000000,0.000000,0.000000,SIMULATED,1,0,1.0
2544860777671960,static-all-ana-d0-r01-hold-hold,static,1,-53.836500,-175.699200,148.288700,-137.469900,-17.512000,-112.490900,-53.836500,-175.699200,148.288700,-137.469900,-17.512000,-112.490900,0.000000,0.000000,0.000000,0.000000,0.000000,0.000000,-0.176631,-0.185170,0.541119,0.000000,0.000000,0.000000,SIMULATED,1,0,1.0
2544860785234540,static-all-ana-d0-r01-hold-hold,static,1,-53.836500,-175.699200,148.288700,-137.469900,-17.512000,-112.490900,-53.836500,-175.699200,148.288700,-137.469900,-17.512000,-112.490900,0.000000,0.000000,0.000000,0.000000,0.000000,0.000000,-0.176631,-0.185170,0.541119,0.000000,0.000000,0.000000,SIMULATED,1,0,1.0
2544860792797120,static-all-ana-d0-r01-hold-hold,static,1,-53.836500,-175.699200,148.288700,-137.469900,-17.512000,-112.490900,-53.836500,-175.699200,148.288700,-137.469900,-17.512000,-112.490900,0.000000,0.000000,0.000000,0.000000,0.000000,0.000000,-0.176631,-0.185170,0.541119,0.000000,0.000000,0.000000,SIMULATED,1,0,1.0
2544860800359700,static-all-ana-d0-r01-hold-hold,static,1,-53.836500,-175.699200,148.288700,-137.469900,-17.512000,-112.490900,-53.836500,-175.699200,148.288700,-137.469900,-17.512000,-112.490900,0.000000,0.000000,0.000000,0.000000,0.000000,0.000000,-0.176631,-0.185170,0.541119,0.000000,0.000000,0.000000,SIMULATED,1,0,1.0
2544860807922280,static-all-ana-d0-r01-hold-hold,static,1,-53.836500,-175.699200,148.288700,-137.469900,-17.512000,-112.490900,-53.836500,-175.699200,148.288700,-137.469900,-17.512000,-112.490900,0.000000,0.000000,0.000000,0.000000,0.000000,0.000000,-0.176631,-0.185170,0.541119,0.000000,0.000000,0.000000,SIMULATED,1,0,1.0
2544860815484860,static-all-ana-d0-r01-hold-hold,static,1,-53.836500,-175.699200,148.288700,-137.469900,-17.512000,-112.490900,-53.836500,-175.699200,148.288700,-137.469900,-17.512000,-112.490900,0.000000,0.000000,0.000000,0.000000,0.000000,0.000000,-0.176631,-0.185170,0.541119,0.000000,0.000000,0.000000,SIMULATED,1,0,1.0
2544860823047440,static-all-ana-d0-r01-hold-hold,static,1,-53.836500,-175.699200,148.288700,-137.469900,-17.512000,-112.490900,-53.836500,-175.699200,148.288700,-137.469900,-17.512000,-112.490900,0.000000,0.000000,0.000000,0.000000,0.000000,0.000000,-0.176631,-0.185170,0.541119,0.000000,0.000000,0.000000,SIMULATED,1,0,1.0
2544860830610020,static-all-ana-d0-r01-hold-hold,static,1,-53.836500,-175.699200,148.288700,-137.469900,-17.512000,-112.490900,-53.836500,-175.699200,148.288700,-137.469900,-17.512000,-112.490900,0.000000,0.000000,0.000000,0.000000,0.000000,0.000000,-0.176631,-0.185170,0.541119,0.000000,0.000000,0.000000,SIMULATED,1,0,1.0
2544860838172600,static-all-ana-d0-r01-hold-hold,static,1,-53.836500,-175.699200,148.288700,-137.469900,-17.512000,-112.490900,-53.836500,-175.699200,148.288700,-137.469900,-17.512000,-112.490900,0.000000,0.000000,0.000000,0.000000,0.000000,0.000000,-0.176631,-0.185170,0.541119,0.000000,0.000000,0.000000,SIMULATED,1,0,1.0
2544860845735180,static-all-ana-d0-r01-hold-hold,static,1,-53.836500,-175.699200,148.288700,-137.469900,-17.512000,-112.490900,-53.836500,-175.699200,148.288700,-137.469900,-17.512000,-112.490900,0.000000,0.000000,0.000000,0.000000,0.000000,0.000000,-0.176631,-0.185170,0.541119,0.000000,0.000000,0.000000,SIMULATED,1,0,1.0
2544860853297760,static-all-ana-d0-r01-hold-hold,static,1,-53.836500,-175.699200,148.288700,-137.469900,-17.512000,-112.490900,-53.836500,-175.699200,148.288700,-137.469900,-17.512000,-112.490900,0.000000,0.000000,0.000000,0.000000,0.000000,0.000000,-0.176631,-0.185170,0.541119,0.000000,0.000000,0.000000,SIMULATED,1,0,1.0
2544860860860340,static-all-ana-d0-r01-hold-hold,static,1,-53.836500,-175.699200,148.288700,-137.469900,-17.512000,-112.490900,-53.836500,-175.699200,148.288700,-137.469900,-17.512000,-112.490900,0.000000,0.000000,0.000000,0.000000,0.000000,0.000000,-0.176631,-0.185170,0.541119,0.000000,0.000000,0.000000,SIMULATED,1,0,1.0
2544860868422920,static-all-ana-d0-r01-hold-hold,static,1,-53.836500,-175.699200,148.288700,-137.469900,-17.512000,-112.490900,-53.836500,-175.699200,148.288700,-137.469900,-17.512000,-112.490900,0.000000,0.000000,0.000000,0.000000,0.000000,0.000000,-0.176631,-0.185170,0.541119,0.000000,0.000000,0.000000,SIMULATED,1,0,1.0
